N,P,K,temperature,humidity,ph,rainfall,label
89.6,48.5,45.0,25.47,85.96,6.6,268.0,rice
34.6,29.1,44.2,23.44,92.48,6.97,103.44,pomegranate
32.3,30.3,33.2,33.82,50.16,6.02,88.0,mango
40.8,69.8,21.8,30.6,69.13,7.06,74.46,blackgram
64.4,50.9,23.6,25.84,58.34,5.82,61.51,maize
34.1,126.9,198.5,33.02,79.91,6.93,62.34,grapes
17.3,138.2,196.0,23.75,92.61,6.23,115.55,apple
105.9,84.6,49.9,27.7,77.72,6.31,96.04,banana
31.8,11.8,34.5,28.53,98.86,6.32,149.21,coconut
23.5,76.2,21.8,19.61,69.87,7.2,41.57,lentil
11.1,19.0,6.8,26.4,91.19,6.38,100.61,orange
8.7,31.3,5.5,26.14,94.54,7.2,107.16,orange
28.8,48.8,15.9,29.79,80.13,6.91,52.82,mungbean
92.9,37.4,53.0,24.07,82.85,7.33,229.39,rice
22.7,117.8,198.7,23.36,88.74,6.47,126.46,apple
36.0,9.6,40.4,22.47,91.32,5.3,113.89,pomegranate
54.8,64.3,82.2,21.53,15.45,6.36,86.96,chickpea
102.4,12.5,47.8,27.58,98.04,6.21,21.24,muskmelon
114.7,8.2,54.8,29.59,91.76,6.38,22.83,muskmelon
35.6,144.2,198.8,20.57,95.0,6.09,126.43,apple
53.9,65.8,19.5,33.65,61.97,6.33,67.08,blackgram
41.1,125.6,204.6,36.75,83.08,6.14,72.39,grapes
32.7,32.0,29.2,26.74,48.59,5.43,94.97,mango
27.0,21.9,8.3,24.58,91.09,6.29,101.73,orange
117.2,35.6,34.6,21.62,65.77,5.82,137.07,coffee
10.7,62.4,19.5,34.16,60.68,7.22,131.78,pigeonpeas
74.4,53.9,21.6,24.28,67.48,6.53,96.92,maize
63.5,65.2,56.2,28.22,93.23,7.0,186.98,papaya
40.3,71.1,18.8,20.74,63.63,7.34,46.72,lentil
33.7,135.4,199.6,23.93,94.19,6.0,125.07,apple
14.3,33.6,29.3,30.75,46.31,6.09,100.23,mango
21.3,120.1,196.3,37.37,81.67,5.98,70.25,grapes
74.8,58.4,37.4,23.56,73.9,6.83,164.26,jute
84.9,19.3,56.8,24.45,84.32,6.49,49.78,watermelon
129.0,59.4,25.6,26.58,79.91,6.98,67.25,cotton
26.7,69.9,20.4,28.42,60.38,6.74,45.56,lentil
104.7,20.6,47.8,28.58,94.88,6.5,18.43,muskmelon
97.2,27.6,25.0,24.71,54.93,6.06,176.19,coffee
27.6,138.2,201.9,37.54,81.58,5.72,79.13,grapes
34.2,118.8,201.3,41.06,77.41,6.31,69.0,grapes
118.7,29.9,47.9,24.57,84.47,6.99,54.92,watermelon
29.9,58.0,10.9,23.38,65.44,7.05,48.6,lentil
94.4,8.3,47.4,26.69,87.07,6.09,65.54,watermelon
24.2,51.7,76.4,19.95,22.34,8.13,66.45,chickpea
35.8,16.9,24.0,28.48,55.51,6.7,79.47,mango
23.1,123.7,205.5,22.75,89.3,6.37,105.0,apple
52.5,59.9,36.5,27.6,81.04,7.68,278.07,rice
89.6,11.1,46.8,29.25,91.82,6.46,17.83,muskmelon
20.6,11.9,38.9,21.43,94.74,6.29,102.85,pomegranate
22.6,42.1,20.6,30.43,61.22,7.92,35.36,mothbeans
12.8,135.4,204.8,34.24,80.37,5.59,71.82,grapes
31.2,125.0,201.4,15.86,82.86,6.14,83.97,grapes
27.2,69.3,14.8,23.94,16.09,5.94,110.84,kidneybeans
36.7,61.4,24.6,32.25,39.16,5.52,153.79,pigeonpeas
118.2,77.0,50.6,25.57,82.19,6.3,115.65,banana
21.0,138.6,203.7,32.39,81.3,5.82,69.93,grapes
37.1,119.4,194.2,22.25,93.21,6.11,133.21,apple
29.2,79.2,81.8,16.72,11.34,8.33,67.45,chickpea
98.6,19.4,28.0,25.8,70.26,7.43,129.85,coffee
67.4,49.8,38.6,25.04,70.51,5.7,180.79,jute
94.0,24.6,25.3,24.96,54.11,5.99,126.22,coffee
45.6,68.2,14.5,17.73,22.43,5.51,118.68,kidneybeans
63.0,42.5,43.7,26.76,76.43,7.05,187.43,jute
28.5,16.6,32.8,26.43,49.07,6.46,97.62,mango
47.8,64.5,78.7,19.04,13.43,7.73,92.96,chickpea
14.6,32.3,35.1,35.23,52.63,5.55,90.68,mango
41.4,18.7,30.7,27.94,99.16,6.57,171.58,coconut
78.2,44.1,15.4,27.37,54.46,6.53,73.28,maize
27.4,51.9,19.5,26.46,90.94,6.28,54.18,mungbean
42.8,75.6,79.0,20.64,14.24,6.4,73.8,chickpea
32.0,20.8,16.4,26.1,88.22,6.19,114.83,orange
58.0,69.3,25.9,26.62,68.73,7.08,64.05,blackgram
20.3,17.0,34.3,24.25,100,5.27,189.63,coconut
22.9,10.3,29.5,29.5,93.65,6.26,146.07,coconut
105.8,90.3,47.7,26.76,77.46,5.4,117.43,banana
15.2,66.9,22.9,17.49,23.24,5.49,110.69,kidneybeans
83.8,50.1,43.6,25.85,72.68,6.7,185.31,jute
30.9,50.7,20.5,28.21,79.35,6.65,51.79,mungbean
17.5,79.7,20.0,30.25,58.72,7.97,52.81,lentil
107.8,13.5,51.8,24.55,89.55,6.58,34.21,watermelon
35.8,18.7,28.7,32.45,56.28,5.48,97.97,mango
27.7,39.1,16.4,28.56,85.32,6.41,51.64,mungbean
9.6,59.3,17.3,28.6,86.58,6.58,39.23,mungbean
39.2,60.8,17.5,28.79,62.67,5.64,160.47,pigeonpeas
23.9,17.3,30.5,26.67,98.93,6.11,196.81,coconut
42.5,17.3,41.1,24.38,89.87,4.98,108.0,pomegranate
5.3,40.7,23.5,30.47,67.6,7.59,45.76,mothbeans
29.9,126.8,196.3,27.5,80.29,6.12,67.48,grapes
16.5,41.9,14.7,31.23,47.31,7.02,29.91,mothbeans
35.7,36.9,13.4,25.16,55.2,7.02,81.96,mothbeans
11.8,22.1,9.9,16.6,91.65,7.12,105.0,orange
16.0,55.1,22.4,27.01,45.98,6.58,38.87,mothbeans
34.5,16.9,44.7,19.58,83.97,6.1,105.27,pomegranate
12.3,119.5,198.5,20.84,80.74,5.63,68.87,grapes
52.5,65.4,50.3,34.07,95.19,6.95,150.38,papaya
99.9,84.8,42.4,31.19,71.89,5.73,95.16,banana
67.7,46.5,19.2,19.91,60.07,6.46,53.94,maize
55.3,55.5,81.8,21.86,24.94,8.02,92.94,chickpea
111.2,31.4,49.0,25.85,88.65,6.4,49.9,watermelon
16.9,19.1,30.5,33.85,58.15,7.01,93.2,mango
103.2,5.9,46.0,25.23,87.86,6.12,47.24,watermelon
15.8,14.1,12.5,27.89,93.64,6.67,103.31,orange
66.3,53.5,49.8,25.6,94.25,5.34,296.33,rice
37.0,71.3,11.6,33.34,61.65,5.51,108.15,pigeonpeas
30.8,68.4,19.6,30.81,57.04,6.79,101.86,pigeonpeas
24.3,37.7,24.4,27.59,87.72,6.92,31.12,mungbean
39.1,75.0,20.7,25.93,65.68,5.72,50.76,lentil
29.7,15.3,11.3,15.35,90.31,7.07,106.59,orange
97.8,17.5,49.4,25.7,86.52,6.21,34.84,watermelon
32.8,64.3,18.8,24.55,64.83,7.04,66.18,blackgram
80.7,50.5,36.1,27.93,89.6,6.16,184.7,jute
19.5,20.2,34.2,28.54,45.76,6.69,90.02,mango
67.5,41.6,39.2,26.07,76.95,6.58,179.78,jute
82.0,36.7,45.9,23.81,81.32,7.57,188.88,jute
37.4,63.8,48.6,31.0,94.98,7.16,168.83,papaya
29.1,72.2,77.4,18.78,14.53,7.73,69.73,chickpea
57.0,60.8,77.2,17.78,18.03,6.49,79.54,chickpea
119.7,14.5,45.3,28.14,91.88,6.5,24.58,muskmelon
35.5,64.6,74.7,19.46,20.07,6.6,76.02,chickpea
70.3,40.3,47.0,24.0,80.26,5.56,245.59,rice
11.7,17.9,31.1,30.39,42.88,5.63,98.05,mango
69.1,38.1,45.8,23.26,85.29,7.06,220.78,rice
23.6,119.3,202.8,21.15,89.27,5.73,107.05,apple
32.2,53.3,83.3,21.02,16.26,6.49,68.18,chickpea
81.4,28.1,50.9,29.66,93.61,6.3,23.74,muskmelon
88.7,36.8,40.9,26.06,86.53,6.46,187.75,rice
25.3,21.1,35.4,22.66,90.72,6.94,102.61,pomegranate
16.4,12.5,38.6,18.51,90.71,6.03,119.07,pomegranate
26.5,29.0,34.1,19.6,92.73,7.19,114.61,pomegranate
109.7,9.0,44.6,29.89,89.11,6.67,16.61,muskmelon
100.0,85.5,46.2,28.01,75.98,6.31,100.19,banana
61.2,42.6,28.6,22.25,71.18,7.05,78.5,maize
114.3,46.3,23.1,24.98,76.37,6.54,98.84,cotton
63.6,55.8,47.8,22.13,93.46,6.46,242.05,rice
129.4,33.5,22.7,25.78,79.93,7.23,94.02,cotton
110.9,73.5,52.1,29.14,77.4,6.2,116.17,banana
13.5,133.2,200.4,21.61,95.56,6.08,118.38,apple
113.1,16.2,46.2,28.71,87.26,6.36,35.56,muskmelon
26.6,61.5,44.7,27.81,89.52,7.09,160.3,papaya
31.3,40.2,20.4,28.66,80.06,6.41,43.7,mungbean
102.5,59.6,19.9,22.27,76.39,6.96,80.2,cotton
121.0,34.9,19.1,23.81,82.42,5.98,93.91,cotton
101.7,8.7,49.0,25.28,82.05,6.92,36.72,watermelon
101.5,59.5,22.5,21.38,76.93,6.92,72.45,cotton
125.0,54.0,23.0,25.14,79.31,6.76,72.15,cotton
19.2,23.0,42.8,21.25,86.11,7.11,98.82,pomegranate
18.0,126.5,196.0,23.26,89.85,5.3,111.49,apple
117.4,39.0,21.5,24.61,79.56,6.22,92.8,cotton
30.7,124.6,198.9,21.5,92.57,5.76,108.46,apple
63.6,56.3,34.3,26.28,67.08,6.25,168.26,jute
89.1,28.6,54.2,29.75,90.9,6.68,34.08,muskmelon
83.8,44.5,18.4,24.78,56.89,6.9,70.8,maize
126.7,38.1,24.1,26.9,84.23,7.82,89.32,cotton
43.6,20.9,39.6,23.12,89.51,7.03,107.67,pomegranate
86.9,44.4,25.2,24.68,64.37,5.47,66.0,maize
33.6,5,32.5,31.33,96.49,6.3,202.9,coconut
17.6,23.0,31.8,27.9,97.43,6.31,169.48,coconut
94.9,6.0,47.1,25.82,89.62,6.44,44.52,watermelon
135.2,37.9,15.6,23.12,76.22,6.26,110.15,cotton
98.6,16.1,53.3,25.83,84.95,6.71,40.59,watermelon
71.9,48.0,48.9,27.22,93.68,5.82,273.06,rice
115.7,36.5,23.9,24.57,76.82,6.15,62.1,cotton
23.3,21.4,39.5,25.16,86.85,6.43,105.56,pomegranate
136.0,38.4,22.0,23.46,85.1,6.35,79.18,cotton
32.1,67.3,17.4,29.75,35.72,6.2,187.74,pigeonpeas
26.5,61.5,24.8,19.26,66.28,7.13,52.76,lentil
67.1,46.2,45.6,23.9,83.6,7.16,196.2,jute
12.9,69.2,23.7,16.11,26.39,5.81,122.27,kidneybeans
29.8,72.0,23.6,24.06,22.12,5.8,72.41,kidneybeans
110.8,10.5,58.2,25.87,82.33,6.51,55.74,watermelon
103.3,95.5,51.0,29.56,79.59,6.43,90.23,banana
49.0,71.2,19.4,32.81,63.49,7.58,66.61,blackgram
118.5,45.3,20.4,24.33,77.9,6.25,91.9,cotton
14.0,44.7,17.2,30.33,40.02,7.09,67.52,mothbeans
116.9,83.3,52.8,25.07,77.47,5.41,107.17,banana
54.0,75.1,21.5,28.19,60.75,7.51,71.1,blackgram
105.4,23.7,49.7,26.25,90.53,6.12,27.94,muskmelon
102.5,77.0,48.3,26.2,81.59,6.02,112.52,banana
32.3,12.6,6.7,14.95,91.05,6.17,107.44,orange
77.4,28.8,42.2,28.7,96.72,6.2,23.97,muskmelon
103.4,9.6,49.6,28.2,95.58,6.53,25.73,muskmelon
14.1,22.7,24.9,32.03,51.97,4.95,98.46,mango
12.3,59.0,17.2,37.3,32.83,6.96,176.34,pigeonpeas
13.9,25.2,7.5,17.92,95.82,5.99,109.2,orange
11.2,25.1,5,33.61,94.67,7.05,119.97,orange
23.9,71.3,15.8,31.81,54.08,7.44,116.61,pigeonpeas
68.9,61.7,35.6,20.48,89.31,5.16,241.15,rice
19.6,77.6,20.7,29.59,54.19,6.4,190.73,pigeonpeas
26.8,134.5,195.7,22.74,91.19,6.41,121.39,apple
36.2,70.1,14.5,25.91,63.72,7.19,69.68,blackgram
25.7,11.5,39.3,29.54,93.45,6.29,137.53,coconut
113.6,28.7,48.9,25.34,86.93,6.59,45.29,watermelon
36.8,73.8,19.2,33.09,54.37,7.09,102.49,pigeonpeas
35.4,71.8,22.5,17.31,20.82,5.93,140.58,kidneybeans
23.8,55.5,23.2,22.87,51.59,4.29,64.77,mothbeans
100.1,49.9,25.5,27.69,62.85,5.75,97.56,maize
98.1,77.1,48.3,27.23,82.68,6.36,106.89,banana
33.7,31.6,37.9,17.83,88.73,6.88,112.08,pomegranate
30.5,28.5,31.8,26.27,94.26,5.79,175.58,coconut
35.9,15.1,35.9,25.23,90.42,7.24,93.67,pomegranate
51.8,70.1,79.2,19.96,17.86,7.01,83.06,chickpea
45.1,56.2,49.3,41.74,90.75,6.6,231.8,papaya
38.2,57.3,16.8,27.78,64.23,7.39,62.33,blackgram
108.4,79.8,45.1,28.51,76.61,6.22,119.38,banana
13.5,65.9,19.2,18.15,21.13,5.46,70.16,kidneybeans
16.1,71.1,21.4,36.37,37.4,6.41,193.92,pigeonpeas
88.8,16.1,24.5,24.36,51.84,7.11,148.1,coffee
68.1,52.4,23.4,23.06,58.09,6.03,67.49,maize
21.8,14.2,31.4,28.09,100,6.59,139.2,coconut
97.1,36.4,31.2,23.38,60.55,6.31,172.28,coffee
55.7,78.2,19.6,24.39,69.38,6.97,80.51,blackgram
16.0,45.3,16.8,25.58,41.64,8.16,62.69,mothbeans
105.1,14.6,32.7,27.42,65.68,5.87,140.47,coffee
116.0,89.6,51.4,27.95,82.39,5.94,93.89,banana
60.5,76.2,19.6,29.3,66.45,7.17,58.35,blackgram
27.9,62.4,24.6,29.7,53.63,6.86,141.47,pigeonpeas
35.0,59.9,17.6,21.94,67.44,6.64,45.79,lentil
117.0,28.4,52.0,27.75,92.71,6.58,26.51,muskmelon
16.6,30.1,28.2,31.09,59.06,5.95,88.45,mango
31.9,83.0,19.6,28.92,62.65,7.61,75.48,blackgram
80.1,45.1,38.6,23.62,91.09,6.75,300.95,rice
104.6,35.9,17.4,21.03,82.58,6.94,88.45,cotton
48.0,70.0,78.5,22.19,20.74,8.01,77.69,chickpea
50.1,78.9,16.2,29.07,70.69,6.85,74.98,blackgram
35.1,67.0,45.8,39.47,94.01,6.84,189.34,papaya
30.2,22.1,11.4,31.13,91.8,6.96,106.31,orange
57.1,73.3,19.2,32.18,65.77,6.88,64.22,blackgram
19.9,8.4,8.5,28.19,91.42,7.63,110.23,orange
21.1,22.9,8.7,29.76,91.85,6.78,122.2,orange
96.5,35.7,28.8,25.48,55.13,6.8,130.08,coffee
89.1,31.1,30.8,23.95,62.4,7.6,142.8,coffee
63.8,47.1,43.6,25.8,88.22,6.15,197.32,rice
85.8,58.6,18.7,29.95,69.87,6.72,69.45,maize
36.7,16.5,40.9,24.51,94.47,6.56,119.32,pomegranate
69.4,39.2,39.9,23.97,75.33,6.89,163.79,jute
19.5,59.1,19.1,28.4,68.46,7.0,45.22,lentil
84.6,43.2,40.9,22.1,92.79,6.43,196.82,rice
28.7,31.6,25.9,33.17,47.16,4.68,93.01,mango
11.3,134.4,198.0,23.89,91.8,5.8,106.48,apple
19.8,7.0,28.6,26.6,99.82,5.83,131.59,coconut
19.4,13.9,34.4,27.43,100,6.31,178.78,coconut
72.0,45.2,38.9,23.74,95.72,5.72,276.54,rice
21.3,39.8,16.9,30.18,62.18,7.96,36.73,mothbeans
18.8,48.1,17.1,28.29,88.41,5.91,42.84,mungbean
28.8,63.3,19.4,30.56,31.81,4.82,99.86,pigeonpeas
23.3,28.1,29.5,35.14,46.71,6.38,105.38,mango
106.4,93.3,48.4,28.94,79.25,5.62,99.93,banana
18.8,59.5,22.1,19.66,19.77,5.63,64.6,kidneybeans
89.6,85.4,50.6,26.4,78.86,6.35,106.88,banana
30.5,74.6,26.5,34.35,63.02,6.98,73.16,blackgram
45.9,57.7,49.5,35.84,96.69,7.23,222.16,papaya
28.9,50.0,23.9,29.26,86.1,6.58,52.02,mungbean
68.8,35.8,37.5,26.82,94.23,5.72,261.86,rice
24.6,25.1,13.1,19.27,93.21,6.99,109.31,orange
14.0,141.6,194.1,22.73,95.76,5.53,123.64,apple
86.1,21.8,54.7,28.03,94.41,6.36,17.77,muskmelon
82.2,24.8,48.8,28.87,96.88,6.0,17.86,muskmelon
81.3,21.4,55.9,24.97,87.64,6.46,48.5,watermelon
116.0,20.2,49.4,26.28,81.36,6.63,57.12,watermelon
33.0,49.8,22.7,30.95,55.88,3.51,58.56,mothbeans
32.2,67.9,18.0,17.58,15.95,5.79,65.64,kidneybeans
98.9,79.3,55.2,26.68,82.7,6.63,81.25,banana
80.7,30.3,36.4,24.94,67.62,6.01,196.51,coffee
29.5,62.5,19.9,27.35,69.88,7.36,63.31,blackgram
30.5,23.3,12.3,20.71,91.72,7.94,115.63,orange
19.0,35.7,19.3,31.07,64.81,7.19,33.76,mothbeans
28.4,122.8,202.9,19.64,87.55,5.99,68.86,grapes
91.3,25.0,29.0,24.1,52.2,6.17,161.87,coffee
61.9,54.7,55.7,25.64,93.81,6.24,191.22,papaya
98.3,32.8,46.7,23.89,77.37,6.96,197.21,jute
16.3,144.3,194.7,22.14,91.74,6.16,112.37,apple
7.4,5,8.4,22.74,94.09,6.66,109.87,orange
104.1,26.1,49.4,26.53,86.92,6.83,47.18,watermelon
43.5,118.2,201.7,39.47,84.16,6.56,65.97,grapes
34.2,43.5,53.0,35.77,92.18,6.52,221.0,papaya
34.6,9.4,11.2,27.55,92.41,6.96,92.18,orange
18.8,56.4,26.4,24.79,63.39,6.85,58.12,lentil
75.0,35.6,40.5,28.06,89.42,6.27,194.35,rice
49.0,74.2,72.0,19.96,15.03,6.81,67.22,chickpea
25.5,143.6,206.5,20.84,86.63,6.53,74.18,grapes
103.5,7.0,45.1,24.39,84.83,6.95,54.72,watermelon
82.1,18.7,25.6,25.17,65.65,5.84,135.25,coffee
34.2,59.1,74.5,21.54,14.0,7.55,88.31,chickpea
32.3,27.5,25.3,27.84,94.5,6.07,223.75,coconut
103.1,23.3,47.8,26.11,82.07,6.8,52.54,watermelon
89.1,54.0,14.8,22.43,63.9,6.0,91.25,maize
25.7,78.2,21.7,34.07,60.09,6.62,60.1,blackgram
110.1,26.6,48.9,29.52,90.55,7.09,30.41,muskmelon
94.4,57.5,47.2,21.03,94.97,5.05,289.4,rice
11.7,26.3,36.1,33.61,49.19,5.92,86.24,mango
38.1,30.6,25.4,31.25,47.66,5.64,109.62,mango
118.5,23.6,25.9,27.65,55.17,6.31,189.83,coffee
26.3,25.6,42.4,23.21,91.27,6.22,100.04,pomegranate
63.2,56.2,23.5,27.71,58.77,6.51,55.81,maize
31.4,17.9,10.5,24.08,88.31,7.35,111.55,orange
19.4,58.1,20.5,28.96,88.0,6.92,46.44,mungbean
60.5,46.3,54.8,36.69,85.54,7.08,136.73,papaya
34.8,17.9,26.0,26.64,97.32,6.58,126.93,coconut
88.8,19.0,51.7,28.83,93.56,5.99,26.39,muskmelon
16.9,25.8,5.6,32.12,98.19,6.57,104.3,orange
81.5,25.1,27.2,25.58,63.96,6.1,127.28,coffee
66.2,57.9,52.1,33.48,94.52,6.75,215.23,papaya
65.2,51.3,42.8,20.93,85.78,6.2,284.87,rice
12.4,19.0,27.7,32.4,51.8,6.28,100.18,mango
42.6,57.6,48.2,34.87,93.54,6.95,215.51,papaya
111.7,77.2,46.6,28.57,75.69,6.2,88.86,banana
126.4,35.0,21.7,25.21,78.61,8.34,69.69,cotton
28.3,128.8,200.5,23.78,89.97,6.11,122.53,apple
97.7,57.8,34.4,23.78,81.27,7.28,186.91,rice
52.8,58.7,78.1,21.03,18.86,7.16,91.84,chickpea
98.2,39.8,47.4,25.56,82.16,6.79,173.93,rice
110.6,6.1,45.5,28.98,89.9,5.94,23.14,muskmelon
97.9,25.0,47.8,29.71,92.63,6.19,34.14,muskmelon
28.9,28.5,44.6,23.0,87.33,5.69,102.79,pomegranate
10.3,56.6,23.6,30.58,52.11,9.04,53.61,mothbeans
68.1,59.5,46.5,39.29,94.23,6.71,221.86,papaya
73.8,55.0,43.7,27.5,89.37,5.76,174.23,jute
98.2,9.5,52.5,26.23,84.63,6.24,44.82,watermelon
25.0,40.4,17.1,29.78,85.0,7.13,45.07,mungbean
96.2,44.8,42.8,23.76,92.2,6.75,244.17,rice
28.8,20.0,6.7,21.47,96.01,7.38,103.92,orange
34.4,57.8,47.2,41.49,90.84,6.72,172.36,papaya
59.8,57.5,88.1,20.13,23.17,7.55,70.2,chickpea
87.1,11.2,51.3,25.64,87.09,7.28,48.32,watermelon
41.9,66.7,82.6,20.64,11.46,6.81,67.21,chickpea
96.1,82.9,58.0,27.61,78.69,6.45,87.31,banana
22.6,13.4,24.7,28.49,93.81,5.84,215.82,coconut
75.2,51.7,18.8,26.56,67.71,6.35,100.0,maize
26.5,76.2,14.6,27.86,57.83,7.6,47.7,lentil
24.1,62.1,21.1,17.33,23.73,5.54,133.18,kidneybeans
32.2,16.0,10.2,33.01,91.49,5.73,104.83,orange
70.2,44.7,46.1,40.08,96.0,6.48,180.44,papaya
40.4,63.1,16.4,17.64,22.09,5.7,111.35,kidneybeans
93.2,50.4,22.4,20.87,74.52,5.36,92.47,maize
12.6,147.2,201.6,21.37,95.14,5.52,117.87,apple
71.6,56.2,49.6,30.06,92.13,6.66,200.61,papaya
120.2,46.9,21.5,21.1,81.91,6.78,88.0,cotton
24.0,51.0,18.7,29.16,84.04,6.49,38.38,mungbean
33.1,40.8,17.6,24.33,39.1,7.52,53.44,mothbeans
9.5,64.1,17.1,16.0,22.49,5.52,113.26,kidneybeans
89.4,17.6,51.8,27.17,94.98,6.25,26.01,muskmelon
29.9,52.0,27.5,26.88,58.74,6.63,56.99,mothbeans
23.6,140.5,200.1,20.46,95.38,5.21,114.9,apple
26.9,27.4,44.3,23.2,90.01,5.44,101.89,pomegranate
43.3,9.5,8.3,26.39,89.24,7.01,103.64,orange
24.2,128.6,201.1,19.98,81.25,6.31,54.37,grapes
49.7,70.1,16.0,27.57,68.56,7.44,79.22,blackgram
36.1,53.2,21.1,28.23,81.94,7.44,45.66,mungbean
31.9,53.8,50.3,38.08,94.86,6.88,218.68,papaya
10.7,133.1,203.3,24.35,83.74,6.14,79.34,grapes
9.8,24.5,24.8,32.84,46.84,6.47,102.94,mango
24.0,77.1,24.0,20.14,61.84,7.34,52.76,lentil
51.5,72.4,27.1,27.3,65.4,6.47,74.72,blackgram
33.9,19.4,10.8,30.82,97.99,7.26,113.81,orange
118.5,48.0,24.7,22.88,80.76,7.53,59.01,cotton
24.8,11.9,27.3,25.61,95.98,5.51,204.49,coconut
31.1,38.6,18.7,26.37,58.72,7.15,27.69,mothbeans
30.6,61.1,81.6,18.3,19.59,7.14,90.23,chickpea
65.3,36.5,49.5,26.9,84.34,5.47,196.6,rice
99.1,39.2,44.2,27.12,83.41,7.32,168.55,jute
134.2,62.1,21.8,25.78,85.31,6.92,84.95,cotton
100.2,47.4,22.0,25.16,80.54,6.79,66.45,cotton
13.4,46.5,23.7,29.27,85.01,6.59,47.64,mungbean
25.0,139.3,203.9,20.59,82.25,6.18,70.09,grapes
94.7,55.2,40.9,25.23,78.65,5.82,166.03,jute
91.1,20.4,46.2,28.33,97.8,6.07,34.04,muskmelon
119.9,69.1,44.6,23.83,79.76,6.36,108.15,banana
35.8,26.7,39.7,24.08,93.3,6.29,120.66,pomegranate
25.8,65.5,81.3,20.69,19.02,6.37,72.79,chickpea
28.5,50.3,56.9,46.04,93.01,6.65,238.09,papaya
82.1,42.9,34.0,27.75,63.93,7.17,154.36,coffee
92.2,18.5,45.1,28.92,91.28,6.53,31.27,muskmelon
33.8,56.6,81.9,17.75,14.53,7.17,96.28,chickpea
12.3,35.6,33.6,30.91,49.89,6.68,102.59,mango
112.9,39.9,32.5,24.32,60.58,7.06,157.12,coffee
23.3,59.0,22.5,30.88,51.44,4.64,31.85,mothbeans
19.7,67.1,20.6,17.77,16.73,6.24,100.13,kidneybeans
109.5,19.1,29.6,28.01,53.84,6.57,179.81,coffee
82.7,13.9,49.8,30.0,91.32,6.73,17.9,muskmelon
25.7,62.7,14.0,30.62,45.58,5.14,186.33,pigeonpeas
24.0,141.8,198.7,22.89,81.38,5.53,75.83,grapes
75.1,54.5,46.5,24.66,86.8,6.44,293.61,rice
20.0,39.0,23.5,27.74,87.49,6.99,42.06,mungbean
98.7,28.8,48.7,25.14,82.3,6.2,32.99,watermelon
28.9,5.6,27.4,25.97,96.59,5.45,130.6,coconut
21.5,138.6,198.9,21.78,83.22,6.36,53.94,grapes
20.1,55.6,21.8,37.49,56.83,6.87,101.36,pigeonpeas
13.7,119.7,199.4,21.39,90.99,5.72,95.84,apple
29.2,77.5,15.0,20.88,19.94,5.42,98.81,kidneybeans
73.6,45.4,37.9,25.19,74.52,6.42,191.91,jute
10.2,33.7,26.6,34.01,46.8,4.9,103.34,mango
77.4,35.1,32.3,23.11,63.17,7.02,181.82,coffee
138.3,37.6,12.7,24.46,74.42,7.24,85.03,cotton
112.9,24.8,44.1,30.13,94.97,6.93,20.49,muskmelon
40.7,57.7,18.5,21.0,66.52,6.82,51.49,lentil
84.7,49.8,46.2,25.52,79.76,6.2,170.4,jute
41.8,13.3,32.9,27.48,96.25,6.29,201.98,coconut
69.2,62.8,21.3,26.42,63.14,7.04,77.41,maize
19.6,123.7,195.6,22.23,93.23,5.73,119.9,apple
24.5,23.4,26.5,30.36,99.53,5.88,188.9,coconut
56.6,78.9,79.0,21.51,18.82,6.81,93.74,chickpea
36.0,48.1,53.1,23.08,90.59,6.38,185.41,papaya
28.7,144.2,202.8,24.86,81.11,5.99,58.66,grapes
102.4,89.6,47.4,29.27,76.54,5.57,99.38,banana
37.6,16.4,27.5,28.28,96.61,6.01,205.67,coconut
66.9,53.2,55.3,23.82,90.55,7.17,246.48,papaya
28.9,36.8,35.5,30.56,50.88,6.08,110.01,mango
19.5,124.1,203.0,21.31,90.98,6.27,104.68,apple
32.7,16.2,30.0,27.49,96.95,5.63,163.26,coconut
29.7,45.6,21.0,28.43,89.37,6.85,39.78,mungbean
69.7,48.1,22.4,27.64,79.49,6.41,60.67,maize
99.7,86.6,49.6,23.78,79.79,5.66,75.36,banana
25.5,47.2,15.1,27.1,83.68,6.28,51.57,mungbean
72.5,36.0,35.3,25.48,85.64,5.9,193.67,jute
26.5,52.1,22.7,26.99,79.12,6.73,49.77,mungbean
41.1,137.5,197.6,23.04,88.96,6.38,109.4,apple
22.4,20.2,12.9,26.58,94.92,7.3,105.7,orange
119.6,41.8,23.1,21.94,83.27,6.46,92.07,cotton
49.0,64.6,57.6,30.25,90.13,6.69,203.59,papaya
25.7,12.4,25.0,24.14,95.52,5.73,161.84,coconut
100.3,33.2,26.6,23.73,58.76,6.44,143.97,coffee
106.3,49.3,17.9,22.21,73.65,6.4,95.6,cotton
88.5,50.1,41.5,28.32,78.79,7.82,203.57,rice
33.8,22.9,5.8,21.02,92.91,6.53,112.78,orange
29.4,129.8,204.3,22.64,93.06,6.38,114.14,apple
86.0,26.9,52.2,28.19,93.5,6.51,28.07,muskmelon
15.3,14.0,33.6,26.59,95.69,6.2,131.82,coconut
16.9,21.0,43.3,20.44,83.28,6.31,98.87,pomegranate
99.5,24.5,35.9,27.28,60.35,7.34,191.49,coffee
58.0,57.2,14.1,34.57,68.13,7.51,67.2,blackgram
31.6,57.5,19.0,26.53,60.16,7.54,89.6,mothbeans
25.5,19.1,14.9,22.84,93.57,7.9,116.23,orange
110.3,26.7,26.3,25.74,55.16,7.16,118.86,coffee
110.8,37.5,25.0,22.62,75.93,6.3,80.73,cotton
47.2,49.7,43.9,22.7,92.42,6.73,207.55,papaya
12.4,45.7,17.2,27.15,56.86,6.55,36.37,mothbeans
40.4,133.2,197.3,24.65,92.73,6.03,118.52,apple
31.6,21.8,15.1,31.69,94.84,7.94,102.73,orange
93.5,78.7,52.3,27.18,76.34,5.53,125.24,banana
28.8,9.7,6.6,16.93,93.9,6.45,109.42,orange
37.2,79.7,23.4,25.41,65.44,6.64,53.67,lentil
16.1,64.6,23.6,16.05,20.28,5.69,124.35,kidneybeans
32.8,61.5,20.6,34.13,51.88,6.45,170.88,pigeonpeas
81.9,51.4,49.1,19.64,80.9,7.33,262.46,rice
56.2,38.9,22.9,26.49,63.96,6.31,80.57,maize
98.1,93.3,51.7,26.58,80.25,6.59,103.72,banana
50.2,51.1,52.0,36.83,90.38,6.5,228.95,papaya
99.2,17.5,56.5,26.82,87.98,6.04,51.26,watermelon
31.4,58.2,14.8,27.87,87.06,6.33,36.37,mungbean
26.8,44.8,25.8,27.98,86.0,6.25,45.68,mungbean
61.6,50.4,21.5,24.06,61.52,5.59,74.48,maize
23.0,23.0,33.8,28.7,97.21,6.28,181.73,coconut
19.9,63.1,18.3,18.66,64.84,6.7,47.88,lentil
79.6,56.8,48.3,21.08,89.95,6.7,181.29,rice
34.5,61.3,18.1,32.17,66.85,7.36,69.22,blackgram
33.0,118.5,198.4,32.27,81.42,6.41,73.7,grapes
51.3,61.5,77.2,18.96,22.47,7.1,77.79,chickpea
92.6,8.4,50.3,28.13,94.51,6.86,21.04,muskmelon
89.3,24.2,55.2,28.36,93.35,6.1,25.3,muskmelon
90.5,21.8,46.3,29.1,89.59,6.36,29.44,muskmelon
85.3,56.1,38.6,24.19,92.94,7.28,183.5,jute
23.0,25.2,9.3,17.23,96.82,7.24,110.28,orange
95.9,18.9,47.2,28.7,94.99,6.08,33.07,muskmelon
29.1,10.4,45.3,18.83,89.29,6.72,107.59,pomegranate
33.8,65.9,23.8,20.34,64.91,7.09,40.13,lentil
86.1,15.9,48.3,29.48,91.03,6.57,30.39,muskmelon
63.5,63.5,52.3,42.8,89.58,7.08,185.93,papaya
52.7,53.1,53.3,39.04,92.32,6.45,226.25,papaya
32.8,69.2,17.3,19.54,66.03,6.61,60.2,lentil
40.6,18.3,40.3,23.16,91.64,6.26,110.96,pomegranate
18.4,51.8,23.0,27.35,81.3,6.65,34.75,mungbean
89.2,51.6,16.7,26.06,64.46,5.25,66.34,maize
34.1,67.2,19.6,36.26,43.24,5.13,118.59,pigeonpeas
33.1,17.2,32.8,28.9,100,5.81,181.86,coconut
24.2,38.3,24.7,26.78,46.63,6.48,55.24,mothbeans
108.0,51.7,20.7,23.7,85.38,7.83,87.07,cotton
61.9,48.8,47.3,25.64,94.33,7.19,179.83,papaya
28.3,23.5,27.1,29.3,98.44,6.44,218.19,coconut
95.9,21.8,52.3,24.4,81.58,6.09,47.39,watermelon
64.3,57.5,54.6,31.18,93.78,6.58,247.31,papaya
53.2,71.2,81.0,20.83,10.94,7.75,80.63,chickpea
15.8,48.8,25.1,26.09,81.16,6.85,47.96,mungbean
67.9,59.5,39.4,26.4,76.38,6.45,179.5,jute
39.4,57.6,23.7,23.63,23.38,5.76,147.5,kidneybeans
35.1,56.7,18.1,31.49,61.78,6.56,124.16,pigeonpeas
99.5,31.5,50.7,28.01,93.88,6.59,29.47,muskmelon
23.0,9.4,5,31.78,91.74,6.77,113.02,orange
37.6,8.4,31.5,28.32,100,5.88,149.07,coconut
107.9,14.7,54.9,26.61,90.81,6.94,24.09,muskmelon
81.7,52.0,49.4,20.72,79.83,6.39,190.25,rice
79.4,58.2,35.7,24.64,73.44,6.4,195.97,jute
30.0,123.6,204.1,8.4,82.72,6.42,69.9,grapes
31.8,66.3,17.7,23.7,20.44,5.35,132.57,kidneybeans
37.7,16.2,26.8,32.94,49.29,5.64,94.84,mango
16.1,34.2,21.9,28.79,83.16,6.94,44.81,mungbean
8.3,126.7,194.5,22.71,78.6,6.4,71.34,grapes
96.1,9.9,48.7,25.29,88.86,6.07,41.4,watermelon
96.0,73.8,50.4,29.7,75.93,5.13,117.79,banana
27.8,15.7,40.2,18.02,92.0,7.08,110.49,pomegranate
54.7,67.5,18.4,27.82,63.35,6.47,78.06,blackgram
61.2,45.4,40.2,24.89,86.68,5.84,244.75,rice
28.7,64.7,23.1,22.06,19.84,5.81,86.14,kidneybeans
55.0,44.7,49.8,25.0,89.81,6.69,206.96,papaya
21.5,141.4,197.4,22.96,92.69,5.64,108.0,apple
21.8,67.1,77.2,18.1,19.22,8.18,88.96,chickpea
36.6,71.4,24.0,20.46,19.23,5.49,142.06,kidneybeans
91.8,44.0,46.2,19.48,93.31,6.13,258.83,rice
36.1,79.3,18.5,33.93,63.8,6.59,135.61,pigeonpeas
80.2,5.8,51.7,25.04,91.93,6.9,43.61,watermelon
80.4,51.6,25.8,24.94,74.11,6.82,64.07,maize
130.8,40.1,21.6,20.38,75.25,6.54,91.25,cotton
21.6,139.0,203.0,24.33,90.97,6.56,118.47,apple
103.0,49.1,17.6,22.23,83.56,6.12,92.73,cotton
43.5,70.3,22.5,23.42,64.46,7.32,44.54,lentil
17.8,76.4,29.3,35.01,31.53,5.54,130.23,pigeonpeas
34.1,10.7,44.2,23.16,93.98,5.75,112.06,pomegranate
47.1,78.7,77.2,18.15,18.0,6.01,90.39,chickpea
91.3,39.4,16.9,28.54,57.09,6.93,85.06,maize
43.8,62.3,82.8,20.79,19.01,7.17,72.84,chickpea
27.7,50.7,17.8,25.16,45.57,5.31,44.41,mothbeans
105.2,91.3,50.0,28.29,87.6,6.22,90.21,banana
83.6,14.5,46.7,25.4,84.98,6.71,40.03,watermelon
22.1,54.0,13.0,31.8,63.8,5.55,39.7,mothbeans
46.0,126.4,195.0,17.01,81.45,6.42,71.24,grapes
96.7,29.3,31.5,25.01,70.84,7.34,142.85,coffee
23.9,29.1,15.1,32.65,90.14,6.28,102.46,orange
31.3,69.4,24.4,22.97,20.64,5.65,73.36,kidneybeans
60.0,48.2,54.1,43.04,88.42,6.4,214.42,papaya
39.0,18.1,5.5,28.63,97.82,6.88,108.43,orange
102.4,37.4,21.2,25.0,80.75,6.98,91.85,cotton
87.4,62.4,39.6,23.92,87.45,7.16,157.54,jute
33.6,63.0,87.6,17.17,14.75,8.63,100.05,chickpea
34.5,133.6,197.9,20.67,83.44,6.06,81.65,grapes
27.8,19.6,39.8,23.54,87.41,6.86,107.44,pomegranate
29.5,65.8,84.0,23.39,16.86,8.4,76.92,chickpea
35.4,54.7,52.9,23.26,88.85,6.42,191.94,papaya
22.5,7.8,5,31.4,94.44,7.45,107.91,orange
48.5,73.9,21.8,31.19,62.28,7.1,77.93,blackgram
51.0,73.2,81.7,18.67,19.18,6.3,65.84,chickpea
35.9,56.2,24.7,31.89,55.3,5.43,135.81,pigeonpeas
84.7,54.6,47.4,22.08,96.41,6.65,251.76,rice
35.6,39.4,23.8,29.88,85.6,6.43,64.62,mungbean
31.2,24.0,27.6,28.28,93.88,6.64,181.28,coconut
106.9,77.8,50.5,26.76,83.75,5.31,106.86,banana
25.0,11.3,27.3,24.91,98.91,5.75,219.78,coconut
118.1,75.8,46.3,26.43,80.72,6.52,90.74,banana
30.0,78.6,21.2,21.55,19.81,5.67,107.92,kidneybeans
138.2,41.3,20.3,26.91,76.67,6.82,89.29,cotton
42.3,12.6,26.7,27.64,97.74,6.11,158.89,coconut
111.0,73.2,54.2,26.0,80.53,6.27,100.64,banana
94.4,59.9,18.2,23.39,62.17,6.49,81.93,maize
24.2,56.4,16.9,28.99,55.64,8.85,58.73,mothbeans
95.5,52.6,39.7,20.76,80.1,7.0,251.27,rice
23.1,123.8,199.6,24.14,92.21,6.48,116.25,apple
33.0,73.7,19.1,23.08,15.38,5.5,147.85,kidneybeans
60.1,44.1,34.8,25.12,94.78,6.07,211.13,rice
23.8,30.3,32.6,32.05,52.75,5.5,88.08,mango
20.4,27.9,24.6,30.85,44.58,6.97,86.05,mango
44.8,69.6,46.3,23.89,93.92,6.51,179.83,papaya
21.8,25.9,31.1,32.57,55.36,5.99,90.56,mango
57.0,77.6,83.1,20.44,15.02,8.4,75.79,chickpea
52.7,75.7,19.6,27.96,68.04,6.83,69.79,blackgram
106.9,29.3,50.1,23.05,82.33,7.0,46.25,watermelon
80.5,5.4,50.6,29.92,96.66,6.64,27.45,muskmelon
21.1,45.6,25.0,26.8,81.39,6.86,48.38,mungbean
48.3,59.6,17.2,32.98,67.96,7.1,72.47,blackgram
23.9,22.7,35.5,27.6,55.28,6.64,100.38,mango
24.4,69.8,19.7,28.72,69.18,6.87,41.48,lentil
136.2,50.7,19.4,25.62,76.63,6.14,60.01,cotton
105.0,25.2,50.0,30.29,91.68,6.3,21.06,muskmelon
14.1,25.5,30.2,33.69,47.46,5.02,83.73,mango
18.8,58.3,21.7,28.7,83.86,6.93,58.3,mungbean
104.7,73.7,51.0,28.72,82.31,6.2,114.05,banana
24.5,119.3,203.1,32.18,85.54,5.83,76.67,grapes
30.0,64.3,25.4,29.41,65.43,6.02,105.68,pigeonpeas
21.1,50.4,21.7,27.48,57.58,6.31,60.38,mothbeans
37.1,21.6,37.9,22.87,86.73,6.27,116.33,pomegranate
26.5,74.6,80.1,18.7,18.36,7.4,76.64,chickpea
14.2,28.2,29.2,26.2,45.05,5.24,96.59,mango
82.8,43.8,40.6,26.44,85.43,6.96,149.39,jute
75.2,38.1,42.5,26.06,85.44,6.65,206.94,rice
25.2,43.5,13.7,26.46,88.2,6.26,38.91,mungbean
32.0,28.1,30.5,27.36,96.36,5.98,168.63,coconut
14.7,128.3,198.8,39.81,80.0,6.19,77.13,grapes
61.8,50.1,40.1,22.57,82.4,7.0,165.47,jute
17.3,33.6,28.0,30.76,48.39,6.21,96.14,mango
18.6,131.4,198.8,28.76,82.72,5.77,66.29,grapes
8.6,21.3,34.2,30.75,43.86,6.7,87.13,mango
18.9,24.7,24.5,35.26,44.17,6.98,84.17,mango
120.5,44.8,21.1,22.87,77.79,7.27,98.16,cotton
39.9,74.2,13.4,29.61,60.87,7.28,70.58,blackgram
35.8,28.5,40.8,24.18,93.09,5.54,110.9,pomegranate
42.2,142.9,199.5,23.44,95.83,5.98,116.65,apple
69.4,43.4,19.2,23.65,59.48,6.2,65.27,maize
76.8,55.7,41.9,20.62,95.79,7.13,230.05,rice
28.8,14.8,39.5,23.4,90.97,7.02,104.9,pomegranate
31.7,19.6,7.6,23.6,91.5,7.16,121.02,orange
4.1,139.5,203.9,23.07,91.81,5.91,99.02,apple
100.2,84.8,51.5,28.96,86.87,6.5,105.95,banana
31.8,13.5,13.2,22.67,91.38,7.32,100.16,orange
82.3,10.2,54.0,28.02,95.39,5.81,23.3,muskmelon
63.3,33.4,44.5,26.0,71.13,6.01,205.48,jute
53.8,61.0,80.6,18.26,16.67,7.67,74.48,chickpea
84.6,39.8,18.3,23.25,60.86,6.33,100.53,maize
49.3,66.3,48.5,32.0,88.01,6.59,184.42,papaya
41.9,71.4,23.5,32.07,61.29,6.08,71.01,blackgram
11.2,7.7,37.0,22.34,93.17,5.94,106.3,pomegranate
104.1,57.0,16.5,23.66,76.07,7.43,73.71,cotton
115.6,31.9,48.7,24.29,87.85,6.93,50.0,watermelon
108.4,80.7,56.3,28.92,74.48,5.95,99.28,banana
37.2,71.2,75.9,19.81,17.63,6.73,75.88,chickpea
58.8,73.7,17.5,28.45,69.0,7.01,55.75,blackgram
14.1,46.8,16.0,27.76,38.71,7.96,41.07,mothbeans
26.4,41.9,22.2,27.25,87.99,6.67,37.48,mungbean
102.6,25.0,43.8,29.23,91.18,6.6,22.71,muskmelon
38.9,41.5,19.3,27.84,82.14,7.13,51.48,mungbean
19.8,122.7,195.4,18.2,80.38,6.45,72.49,grapes
85.8,13.7,53.9,25.04,88.21,6.07,49.75,watermelon
98.1,50.7,41.5,23.65,76.54,7.74,161.41,jute
17.0,46.6,18.7,31.06,41.09,5.03,40.46,mothbeans
40.0,59.3,23.2,26.42,63.46,6.64,58.98,blackgram
99.1,87.9,47.7,29.2,81.5,6.19,101.66,banana
42.3,21.3,26.2,27.72,47.68,4.52,102.23,mango
27.5,126.8,200.4,21.25,93.99,5.96,103.33,apple
73.4,51.9,37.2,25.57,79.38,6.7,257.61,rice
104.8,41.2,32.8,24.98,61.13,6.27,132.39,coffee
15.1,16.5,31.1,31.79,51.22,5.9,94.96,mango
25.9,27.4,29.1,26.74,95.05,6.16,193.84,coconut
111.7,26.6,46.2,26.62,92.38,6.52,30.77,muskmelon
22.2,75.0,17.6,18.35,18.01,5.91,68.55,kidneybeans
123.4,57.9,20.4,23.06,81.45,7.88,59.61,cotton
85.1,27.1,50.8,28.93,94.65,6.03,14.84,muskmelon
17.9,11.7,38.8,21.67,87.11,5.94,111.5,pomegranate
30.1,74.7,28.5,15.93,22.15,5.62,142.97,kidneybeans
91.4,15.3,30.2,26.71,59.32,7.16,179.21,coffee
109.6,55.3,20.8,24.22,79.38,6.16,86.09,cotton
20.7,129.8,196.1,20.87,95.1,6.13,128.34,apple
22.1,67.2,26.8,17.67,20.59,5.81,94.33,kidneybeans
19.4,76.0,20.7,37.13,49.85,6.56,106.71,pigeonpeas
7.6,24.6,42.9,21.34,86.8,6.19,97.79,pomegranate
17.4,27.2,35.8,19.66,86.53,6.83,99.0,pomegranate
78.3,45.1,18.5,22.69,63.76,7.18,75.81,maize
33.1,140.3,198.4,15.53,80.27,6.11,63.74,grapes
24.5,78.5,24.2,27.66,63.53,6.77,38.2,lentil
107.9,42.3,17.0,24.26,78.13,7.85,88.93,cotton
20.6,131.6,203.7,42.59,82.85,6.6,76.53,grapes
116.6,16.4,33.6,25.38,60.17,6.2,144.48,coffee
26.2,11.3,37.6,23.92,87.95,6.33,118.32,pomegranate
28.7,62.1,16.3,22.44,59.89,3.75,44.26,mothbeans
65.0,63.2,53.9,23.51,92.53,6.77,176.47,papaya
58.4,73.4,19.8,32.3,61.8,6.65,66.55,blackgram
22.9,25.4,10.1,28.67,87.19,7.7,111.88,orange
111.0,28.3,53.3,27.62,92.75,6.09,28.57,muskmelon
117.2,85.4,46.7,30.15,82.63,5.98,93.65,banana
19.7,25.7,39.3,21.06,86.87,6.95,105.58,pomegranate
93.0,29.6,32.5,24.03,52.77,6.85,171.42,coffee
15.6,40.0,18.2,27.5,81.55,6.19,59.77,mungbean
16.6,30.5,23.0,28.26,42.6,6.09,99.35,mango
111.6,28.9,49.8,26.31,83.17,6.22,42.8,watermelon
34.1,77.7,16.1,27.42,58.68,6.98,43.86,lentil
51.8,72.3,27.2,27.24,61.21,6.68,63.06,blackgram
40.1,20.8,5,31.99,92.22,6.28,98.98,orange
25.5,35.3,24.9,28.98,84.92,6.23,48.41,mungbean
117.7,88.7,46.8,25.85,80.32,6.15,102.2,banana
76.3,25.7,55.7,25.57,82.76,6.75,48.62,watermelon
19.3,129.1,199.5,39.2,82.11,6.26,70.68,grapes
24.8,74.0,18.2,23.06,64.31,7.72,34.41,lentil
38.2,50.2,45.5,31.44,91.76,6.55,144.7,papaya
35.7,25.9,38.5,19.09,96.71,6.31,108.36,pomegranate
61.1,54.4,45.2,27.52,90.95,5.75,235.39,rice
67.1,62.7,49.1,29.81,92.41,6.53,208.95,papaya
102.7,97.7,50.5,25.79,80.1,6.14,96.74,banana
96.5,9.6,48.3,25.99,83.8,6.55,39.22,watermelon
80.9,8.7,54.0,30.19,92.15,5.84,29.68,muskmelon
36.5,62.9,16.8,22.01,15.03,5.76,132.67,kidneybeans
25.6,60.1,23.8,28.98,58.86,5.87,135.58,pigeonpeas
66.1,53.6,15.4,22.83,59.31,5.9,87.25,maize
36.1,36.6,17.6,25.87,91.6,7.24,32.78,mungbean
99.3,53.0,19.6,25.19,73.63,6.72,67.63,maize
38.7,143.8,201.7,22.58,89.51,5.37,125.63,apple
36.9,126.9,197.4,39.6,87.06,5.61,68.85,grapes
96.5,20.4,34.6,24.81,49.74,5.95,174.05,coffee
25.8,134.5,199.3,15.8,84.42,5.97,58.92,grapes
33.8,74.3,20.5,33.92,48.64,7.09,118.35,pigeonpeas
15.6,59.9,17.5,21.11,18.43,5.29,92.64,kidneybeans
29.7,45.8,13.4,27.37,51.72,4.66,47.09,mothbeans
59.5,57.7,41.6,25.62,76.65,6.07,180.7,jute
28.6,142.7,196.0,20.92,93.69,5.97,127.84,apple
32.4,143.8,204.9,15.48,85.27,5.67,84.04,grapes
81.2,16.1,50.4,25.9,88.99,6.4,40.03,watermelon
100.1,55.9,18.7,25.48,73.35,6.7,83.06,maize
98.1,49.3,40.0,23.57,89.57,6.15,190.82,jute
84.3,48.8,19.3,27.09,65.68,6.5,67.72,maize
27.8,49.3,12.3,26.61,61.4,3.5,46.1,mothbeans
12.2,124.6,198.3,21.46,92.32,5.98,109.98,apple
23.1,56.0,20.8,29.87,86.85,6.51,45.79,mungbean
10.7,57.6,14.9,28.44,65.37,7.03,56.23,mothbeans
27.4,19.8,27.2,30.41,50.29,4.91,92.67,mango
79.6,48.9,19.4,22.0,67.63,5.42,96.21,maize
32.0,60.7,80.8,21.22,20.21,7.77,81.64,chickpea
19.2,140.4,197.8,16.61,79.11,5.84,75.86,grapes
28.9,17.4,9.3,18.53,91.85,7.04,111.25,orange
61.8,58.6,52.4,34.7,91.36,6.88,203.19,papaya
33.3,20.7,31.9,35.58,51.67,5.85,101.37,mango
86.9,50.8,22.9,27.83,57.83,6.25,90.13,maize
85.7,39.5,45.5,26.28,67.61,7.11,159.19,jute
96.3,17.9,55.1,27.36,87.34,6.91,55.96,watermelon
12.9,19.8,24.8,24.59,92.83,6.14,151.07,coconut
34.8,60.1,50.9,38.91,94.51,6.94,177.48,papaya
94.6,8.6,45.8,25.71,89.94,6.15,54.33,watermelon
13.1,65.4,14.3,15.62,18.44,6.18,98.9,kidneybeans
37.2,74.9,17.7,28.4,61.57,7.06,49.57,lentil
29.3,58.5,14.0,21.94,18.23,5.25,94.44,kidneybeans
72.0,41.4,49.0,25.85,76.49,6.86,180.56,rice
134.3,42.5,26.4,26.68,86.48,7.68,100.62,cotton
42.0,64.6,17.6,28.77,68.01,7.41,67.34,blackgram
16.2,39.1,15.9,25.3,39.14,6.56,66.75,mothbeans
24.5,136.3,201.0,38.29,82.15,5.67,81.28,grapes
81.6,18.8,49.5,24.95,84.27,6.8,58.7,watermelon
20.4,75.7,18.9,23.85,69.33,6.94,39.98,lentil
22.2,26.7,25.6,29.62,53.69,6.84,101.53,mango
11.1,45.0,19.7,27.16,83.7,6.77,53.7,mungbean
17.3,48.5,16.7,29.97,80.26,6.5,52.02,mungbean
90.4,92.9,48.5,26.36,85.34,6.17,79.39,banana
75.9,54.7,22.1,21.25,67.27,6.43,69.64,maize
130.8,54.3,18.7,23.11,78.5,6.65,74.9,cotton
31.5,25.3,36.7,28.63,47.66,4.29,83.95,mango
34.9,63.3,14.5,33.37,58.28,7.11,71.49,blackgram
113.7,17.4,27.8,22.98,52.86,7.16,152.04,coffee
36.3,60.4,15.7,20.12,22.14,5.82,103.13,kidneybeans
114.4,12.0,44.3,26.09,87.92,6.03,63.1,watermelon
20.1,37.3,17.8,29.26,90.15,6.15,55.38,mungbean
16.9,22.2,10.0,18.68,91.31,7.05,119.42,orange
14.2,43.0,22.9,26.23,41.72,7.8,34.46,mothbeans
70.2,50.4,22.8,28.14,72.17,5.98,68.21,maize
113.0,14.9,48.1,29.29,94.57,6.72,24.05,muskmelon
28.7,121.8,201.8,23.79,89.19,5.94,114.87,apple
30.8,52.4,53.4,30.37,97.32,6.7,229.32,papaya
16.8,72.3,17.9,31.1,40.76,6.82,123.15,pigeonpeas
37.9,24.8,41.1,23.3,95.79,7.01,119.23,pomegranate
40.3,12.5,18.6,16.66,92.23,7.52,110.37,orange
42.9,71.8,80.9,17.87,17.46,6.69,90.37,chickpea
89.4,27.7,46.8,27.38,92.17,6.02,24.05,muskmelon
87.1,22.7,31.8,25.31,53.66,6.14,119.58,coffee
35.0,15.8,30.9,26.13,98.0,6.28,214.9,coconut
16.5,131.1,191.9,41.65,83.22,5.75,62.11,grapes
27.9,62.0,25.6,26.72,64.59,7.01,46.53,lentil
63.9,44.1,43.6,23.84,76.01,7.27,158.79,jute
22.2,43.3,15.9,27.59,87.86,6.51,56.75,mungbean
28.0,138.8,202.4,22.85,90.75,6.04,109.92,apple
25.7,61.9,17.8,32.75,59.59,4.46,117.11,pigeonpeas
57.5,67.9,15.6,29.89,67.88,6.85,51.87,blackgram
32.5,42.3,24.9,26.12,81.96,7.08,34.14,mungbean
98.7,18.8,53.3,29.68,95.8,6.64,35.18,muskmelon
48.6,55.7,50.0,41.18,90.1,6.77,140.55,papaya
21.3,74.3,20.9,23.51,59.43,7.63,48.57,lentil
33.9,22.5,25.3,27.16,95.19,5.98,203.84,coconut
32.1,70.9,27.0,26.47,57.49,4.73,176.8,pigeonpeas
101.2,22.2,30.9,23.62,61.38,7.07,180.21,coffee
20.7,61.3,19.2,36.23,53.0,7.01,111.34,pigeonpeas
26.4,71.0,19.6,23.09,65.16,6.66,42.04,lentil
96.2,12.8,48.3,26.71,93.94,6.0,27.9,muskmelon
108.3,16.3,47.8,28.49,92.15,6.59,21.38,muskmelon
109.0,49.8,21.6,27.16,76.28,6.53,79.42,cotton
68.3,48.9,16.6,25.53,54.75,6.0,67.17,maize
88.0,33.4,44.2,23.93,87.84,5.58,185.47,rice
107.2,49.2,24.3,21.12,74.04,7.75,66.46,cotton
25.2,56.8,15.8,31.62,66.04,6.82,72.27,blackgram
79.3,41.0,43.7,25.13,87.33,7.2,168.37,jute
29.1,139.0,197.7,21.4,80.98,6.06,63.55,grapes
129.8,39.7,20.8,24.48,76.83,5.87,80.61,cotton
44.9,44.6,51.4,32.81,93.24,6.7,203.19,papaya
117.2,83.6,51.6,29.02,79.53,6.12,95.73,banana
77.5,50.8,13.3,19.04,59.46,6.27,68.38,maize
87.8,58.0,45.7,24.88,88.45,6.61,190.2,jute
75.4,50.9,19.4,27.64,77.89,6.77,112.78,maize
15.1,59.9,13.5,36.06,34.18,5.04,155.28,pigeonpeas
83.0,15.5,47.8,28.67,89.17,5.96,25.65,muskmelon
26.7,64.5,20.2,18.2,21.56,5.66,103.79,kidneybeans
11.7,52.9,20.7,28.75,58.1,8.63,61.39,mothbeans
117.2,97.3,47.5,27.33,81.91,5.94,112.63,banana
61.7,53.3,49.8,24.56,86.0,6.4,263.22,rice
67.9,68.3,50.2,37.66,93.79,6.94,179.96,papaya
12.7,146.8,203.2,20.77,93.85,6.28,117.24,apple
31.7,33.4,23.5,31.32,51.88,5.09,69.05,mothbeans
16.3,77.5,18.4,27.87,68.82,7.29,49.6,lentil
17.3,8.4,5,24.41,91.24,6.11,113.06,orange
113.9,76.1,49.3,29.57,77.37,6.25,99.28,banana
31.2,8.5,38.2,19.92,88.6,6.4,106.21,pomegranate
113.5,35.6,33.5,26.33,67.1,6.63,193.78,coffee
91.0,79.2,57.5,30.75,75.1,5.86,109.97,banana
53.7,58.8,49.3,43.47,91.67,6.47,210.16,papaya
58.2,81.2,19.4,29.08,66.56,7.04,60.26,blackgram
29.3,18.2,24.9,29.42,99.53,5.4,165.56,coconut
33.4,26.0,34.8,28.94,46.23,4.71,89.43,mango
24.8,70.1,17.7,18.6,21.18,5.6,75.44,kidneybeans
87.7,22.8,48.3,27.59,92.01,5.78,24.59,muskmelon
92.6,41.2,40.6,22.8,84.5,7.2,223.41,rice
16.0,65.0,22.3,22.87,18.34,5.37,69.15,kidneybeans
31.9,80.3,20.0,20.46,23.08,5.42,128.27,kidneybeans
37.2,69.4,83.9,17.65,17.02,6.42,66.51,chickpea
26.2,73.0,78.5,18.61,20.77,6.06,83.54,chickpea
90.8,26.2,46.7,25.48,83.45,6.6,59.97,watermelon
115.8,86.8,55.9,27.4,84.13,6.17,118.09,banana
102.6,87.3,46.1,29.51,87.27,6.24,114.18,banana
34.2,62.4,23.2,31.63,47.89,7.49,121.25,pigeonpeas
32.5,66.7,54.2,31.81,91.78,6.54,168.77,papaya
111.4,16.4,52.6,26.01,76.27,5.85,61.71,watermelon
22.3,48.1,21.6,31.4,61.24,5.85,64.06,mothbeans
36.6,20.6,40.0,22.12,93.93,6.17,109.87,pomegranate
42.8,67.4,76.2,19.5,14.32,6.17,82.67,chickpea
20.3,19.3,28.3,24.99,92.36,6.45,214.84,coconut
55.7,69.3,76.5,18.52,19.36,6.76,72.56,chickpea
113.5,8.7,52.1,29.24,93.64,6.97,23.48,muskmelon
95.4,47.0,18.4,23.93,59.21,6.36,101.33,maize
56.0,53.0,57.5,37.43,94.24,7.15,161.84,papaya
89.3,22.9,27.8,23.82,56.34,6.61,175.48,coffee
100.6,25.1,47.2,28.09,89.58,6.12,23.16,muskmelon
11.9,61.6,18.7,17.83,68.12,7.16,48.14,lentil
35.0,62.8,26.1,23.4,23.36,6.07,131.98,kidneybeans
98.6,20.0,24.4,25.0,65.73,7.29,148.05,coffee
63.6,57.9,86.8,18.65,12.63,6.51,91.1,chickpea
116.1,16.4,53.7,28.64,94.97,6.56,23.15,muskmelon
28.8,56.5,17.3,17.06,21.82,5.64,97.66,kidneybeans
53.7,59.6,80.0,20.81,18.61,7.84,70.59,chickpea
17.6,139.0,201.5,11.79,83.96,5.95,70.15,grapes
118.5,85.5,48.0,28.75,85.91,6.56,98.4,banana
37.9,136.5,193.9,23.85,93.66,5.48,118.39,apple
25.1,141.3,210.0,21.12,91.16,5.72,110.22,apple
28.3,63.4,21.3,34.84,45.92,4.52,165.75,pigeonpeas
37.3,74.6,77.7,21.63,18.41,6.42,74.7,chickpea
109.2,48.9,29.3,23.64,82.69,6.15,98.39,cotton
139.1,42.7,24.0,24.6,77.7,6.66,87.54,cotton
11.9,21.1,13.6,20.41,93.45,7.2,109.62,orange
125.7,39.3,13.7,24.2,71.97,6.89,87.68,cotton
22.9,61.6,21.1,14.32,22.54,5.96,100.87,kidneybeans
87.4,50.2,22.1,25.43,66.38,6.36,67.92,maize
69.1,47.4,41.4,22.38,86.1,7.11,169.95,jute
59.9,67.9,82.5,17.15,17.84,7.83,65.71,chickpea
33.0,71.0,18.5,27.72,51.22,4.76,191.15,pigeonpeas
114.3,42.8,12.7,23.22,79.9,6.57,57.52,cotton
35.0,22.8,35.4,22.26,92.92,6.88,107.95,pomegranate
10.7,22.0,34.8,31.69,52.6,4.65,80.91,mango
28.3,63.3,23.6,35.2,53.45,6.04,103.48,pigeonpeas
21.7,76.0,14.1,24.84,57.57,7.89,38.27,lentil
47.4,22.9,35.6,19.01,93.44,5.29,102.12,pomegranate
112.4,8.6,49.8,28.37,88.75,6.62,33.84,muskmelon
24.2,125.9,200.5,26.08,84.0,6.49,65.91,grapes
111.7,14.8,52.5,28.6,89.0,6.73,35.63,muskmelon
27.3,135.5,193.2,23.92,91.07,6.23,101.46,apple
35.2,74.8,17.7,32.72,67.6,6.76,71.14,blackgram
108.8,84.1,52.6,25.57,77.64,6.1,109.01,banana
109.4,26.4,33.0,25.24,68.04,6.37,124.06,coffee
36.6,137.1,200.0,21.74,91.73,5.92,103.24,apple
95.2,51.6,40.3,27.14,85.72,6.34,270.35,rice
27.9,61.0,22.5,26.96,80.53,7.02,62.47,mungbean
11.7,131.6,197.3,22.32,91.87,6.15,100.61,apple
89.9,18.3,52.0,30.28,94.64,6.87,25.15,muskmelon
17.0,62.9,14.7,23.09,23.51,5.3,96.55,kidneybeans
28.4,40.1,19.0,24.45,49.44,7.49,54.25,mothbeans
124.0,45.1,25.5,24.26,79.12,6.52,91.89,cotton
35.8,62.1,24.4,24.17,23.33,5.73,78.82,kidneybeans
107.6,7.3,54.3,25.24,86.19,6.02,48.14,watermelon
41.6,18.5,31.2,25.11,98.27,5.64,197.9,coconut
143.4,59.7,17.6,25.11,74.84,6.92,92.22,cotton
15.9,47.3,14.7,26.78,79.85,7.07,61.43,mungbean
88.9,39.4,28.0,24.44,57.91,7.23,122.88,coffee
108.1,71.9,51.4,25.1,80.22,6.19,108.34,banana
37.3,66.6,20.6,29.3,62.41,6.55,63.23,blackgram
115.5,33.7,31.1,23.12,67.13,6.76,130.03,coffee
117.4,37.0,20.1,23.39,78.95,6.15,81.75,cotton
65.9,53.3,15.7,26.74,53.44,6.31,74.47,maize
26.8,6.0,25.2,26.67,98.96,5.79,145.58,coconut
82.8,26.8,50.5,24.65,78.5,6.79,55.07,watermelon
6.2,38.1,22.9,29.99,91.68,6.45,56.77,mungbean
28.7,26.8,12.5,33.59,88.23,6.53,123.22,orange
25.7,41.8,15.8,29.26,89.49,7.13,65.67,mungbean
14.9,37.8,20.2,30.37,89.42,6.63,54.95,mungbean
23.8,17.6,6.7,17.98,91.75,7.08,117.76,orange
87.9,13.9,28.6,24.64,72.57,7.01,132.28,coffee
89.7,41.6,47.4,20.73,91.18,6.69,207.0,rice
24.0,81.4,19.8,28.65,69.88,6.38,45.37,lentil
11.6,48.5,21.8,27.67,59.31,6.01,42.56,mothbeans
15.8,122.2,203.7,15.55,83.37,5.75,66.25,grapes
118.2,92.3,46.9,24.7,74.21,5.83,108.23,banana
85.9,54.6,33.2,20.55,93.9,5.24,193.49,rice
9.5,141.7,200.0,17.48,80.99,6.18,58.31,grapes
65.4,56.8,21.2,23.96,57.35,6.69,85.17,maize
71.4,62.0,46.0,21.91,90.24,7.08,234.29,papaya
75.6,53.6,43.9,25.24,77.52,5.93,177.96,jute
45.9,73.8,80.5,19.86,13.65,7.1,83.4,chickpea
30.3,10.9,26.7,28.17,95.47,6.52,147.56,coconut
60.2,59.7,17.9,26.87,69.86,6.31,77.66,maize
48.3,64.6,45.4,36.62,93.53,6.99,224.36,papaya
40.3,54.0,79.5,21.83,21.94,8.49,76.0,chickpea
30.6,64.0,20.0,28.03,59.29,6.63,147.24,pigeonpeas
87.5,7.9,46.4,25.34,89.05,6.71,43.51,watermelon
10.9,139.8,204.2,23.93,80.42,6.13,82.03,grapes
45.7,73.5,18.2,24.95,62.66,7.6,67.56,blackgram
40.5,68.5,20.9,27.98,48.98,5.66,203.25,pigeonpeas
19.1,62.6,17.7,23.99,68.82,6.91,44.66,lentil
83.1,51.6,28.4,25.98,57.96,6.51,100.16,maize
79.5,56.6,41.7,26.41,89.47,6.3,158.85,jute
14.1,22.1,34.1,31.77,49.47,5.6,82.98,mango
90.3,38.9,40.0,26.32,76.52,7.06,185.12,jute
55.1,56.6,15.8,30.51,63.83,6.73,61.81,blackgram
40.1,64.3,17.1,23.57,72.62,8.08,56.74,lentil
49.3,56.4,54.6,32.78,90.01,6.33,191.43,papaya
83.6,14.0,54.1,26.43,85.39,6.4,47.03,watermelon
24.3,33.6,29.8,35.66,53.96,5.31,103.68,mango
30.1,63.6,77.3,18.39,15.39,7.43,98.53,chickpea
32.7,16.9,6.8,27.94,92.61,7.75,118.84,orange
10.1,32.9,20.0,28.15,82.65,6.39,46.45,mungbean
117.2,20.7,49.8,29.79,91.97,6.24,19.0,muskmelon
25.9,15.5,9.2,16.94,91.94,5.68,113.8,orange
55.1,76.9,81.4,17.13,14.57,8.15,96.96,chickpea
16.4,19.0,34.6,27.57,100,5.36,147.48,coconut
47.9,74.0,12.6,27.76,64.93,6.69,79.43,blackgram
13.3,37.0,22.9,24.88,42.06,8.07,39.73,mothbeans
26.7,14.5,30.7,30.8,95.98,6.1,175.92,coconut
31.3,26.6,24.4,25.21,97.29,5.62,151.81,coconut
12.4,71.2,20.6,19.66,22.39,5.52,77.55,kidneybeans
106.2,87.1,44.6,29.4,84.31,6.28,109.49,banana
61.8,36.7,37.5,22.15,66.11,7.19,164.03,jute
30.5,55.6,24.7,27.72,56.47,8.87,31.54,mothbeans
23.2,20.6,30.7,31.96,53.53,5.31,91.31,mango
82.9,59.2,39.1,25.41,77.34,6.52,162.49,jute
40.4,15.9,12.4,30.72,93.3,7.18,107.22,orange
24.7,59.2,16.8,22.05,70.99,7.08,50.45,lentil
40.6,76.3,14.5,19.56,63.08,6.93,47.31,lentil
21.6,29.3,43.9,23.67,85.09,5.43,106.67,pomegranate
32.6,72.3,18.3,18.71,19.85,6.12,114.52,kidneybeans
26.0,55.6,23.8,24.74,62.81,4.88,43.53,mothbeans
134.8,39.7,17.1,23.8,82.8,6.17,67.83,cotton
114.6,10.4,52.9,26.29,82.83,6.53,39.1,watermelon
7.1,45.9,22.8,28.2,43.54,5.03,40.34,mothbeans
87.3,32.3,26.8,24.77,54.6,6.62,187.34,coffee
113.0,22.9,54.1,24.94,81.64,6.04,44.55,watermelon
58.1,66.6,78.0,18.75,17.14,7.83,68.84,chickpea
31.8,37.8,30.6,32.49,53.99,5.39,94.38,mango
35.9,21.9,41.2,23.65,91.8,5.6,105.02,pomegranate
51.8,52.5,44.9,23.83,92.43,6.65,209.96,papaya
23.4,68.2,22.2,31.41,56.05,7.79,157.37,pigeonpeas
38.7,16.6,43.7,22.23,89.39,5.71,105.72,pomegranate
100.8,21.7,29.4,21.57,67.55,6.98,181.22,coffee
31.2,67.2,18.0,29.04,51.77,6.42,172.16,pigeonpeas
90.4,81.1,55.4,25.75,76.19,6.64,91.67,banana
17.4,82.3,20.5,21.21,62.18,7.53,47.93,lentil
113.6,84.7,46.5,27.98,87.03,6.05,114.28,banana
94.1,21.1,48.3,26.72,90.92,5.98,32.18,muskmelon
87.0,23.1,49.1,22.16,87.56,6.73,53.56,watermelon
92.1,48.2,22.7,22.3,59.32,6.64,57.98,maize
14.7,65.5,16.7,17.01,63.32,7.37,46.72,lentil
130.6,51.0,21.6,25.66,79.28,6.61,62.45,cotton
67.5,46.3,45.5,21.79,91.31,6.27,248.57,rice
16.5,132.3,193.7,28.27,82.02,5.63,71.44,grapes
112.0,88.8,49.5,28.54,73.15,6.25,113.15,banana
12.0,53.6,20.4,28.97,84.62,6.37,44.79,mungbean
63.2,41.0,39.5,24.24,97.25,4.94,212.32,rice
87.3,57.6,18.9,27.01,59.72,6.42,110.9,maize
100.9,26.4,49.0,24.82,81.39,6.4,42.41,watermelon
31.3,124.5,206.7,15.76,85.72,6.3,70.9,grapes
78.4,52.8,20.7,26.94,73.04,6.79,90.35,maize
55.7,56.8,33.5,22.85,79.85,6.57,151.66,jute
37.1,79.7,25.2,24.86,70.36,6.18,51.79,lentil
87.1,52.4,42.0,25.01,83.74,6.73,188.41,rice
20.0,71.5,18.8,22.12,23.27,5.47,110.2,kidneybeans
26.5,21.9,43.6,20.31,87.69,6.48,99.06,pomegranate
112.6,88.3,47.6,25.98,82.78,6.3,82.0,banana
51.9,68.2,14.1,30.98,68.87,6.87,64.33,blackgram
13.8,26.5,5,16.98,91.85,7.21,98.55,orange
4.6,136.4,201.7,20.12,91.61,6.01,104.51,apple
60.2,53.1,19.3,31.87,61.31,7.13,73.24,blackgram
16.0,139.1,192.5,20.88,80.94,6.54,64.45,grapes
39.5,146.8,198.3,23.5,89.1,6.13,102.77,apple
103.9,73.5,54.7,27.8,84.3,6.56,107.9,banana
16.6,73.2,17.9,15.3,25.08,5.71,83.28,kidneybeans
132.9,38.1,20.1,25.22,78.97,6.73,73.1,cotton
16.4,65.3,17.5,17.29,20.44,6.02,92.79,kidneybeans
32.5,9.1,5,25.58,89.29,7.23,115.85,orange
28.1,5,31.3,27.75,95.11,6.07,218.71,coconut
20.9,129.1,197.0,22.7,88.8,6.16,114.45,apple
35.0,60.1,22.8,17.26,23.11,5.66,57.44,kidneybeans
58.1,58.9,48.5,23.28,91.28,6.77,173.16,papaya
78.5,48.3,38.3,23.63,70.27,7.14,166.43,jute
36.3,15.5,43.5,20.62,89.71,5.39,107.36,pomegranate
26.1,22.7,32.1,34.27,50.8,6.79,86.79,mango
40.8,67.3,82.1,17.51,18.56,8.42,67.94,chickpea
11.7,57.5,18.0,15.9,23.71,5.61,95.38,kidneybeans
18.8,62.6,21.4,34.61,37.6,7.28,134.46,pigeonpeas
99.3,56.5,49.2,22.67,87.46,6.48,230.87,rice
14.3,59.3,23.0,33.02,62.3,5.99,62.15,mothbeans
24.1,79.4,22.5,28.53,67.87,7.28,57.79,lentil
37.5,18.9,26.5,30.78,51.41,5.03,108.19,mango
40.8,69.5,19.8,34.28,51.71,7.53,165.24,pigeonpeas
59.6,72.4,19.5,30.53,59.64,6.54,73.63,blackgram
21.1,127.1,203.2,16.83,86.56,6.55,71.25,grapes
38.0,56.6,44.2,32.57,93.14,6.84,176.26,papaya
45.3,76.2,24.3,32.28,67.74,6.82,82.13,blackgram
22.3,26.7,24.3,26.6,95.98,6.07,163.57,coconut
68.3,38.6,39.7,24.16,68.51,7.09,194.69,jute
13.4,60.0,23.9,20.16,23.49,5.9,132.73,kidneybeans
16.3,72.5,17.7,21.22,19.74,5.94,102.77,kidneybeans
75.2,50.7,39.9,27.46,90.64,5.13,235.25,rice
11.7,53.4,13.3,27.99,88.92,6.45,54.81,mungbean
22.8,54.7,24.9,29.88,89.35,6.29,40.83,mungbean
31.1,78.4,18.3,26.43,65.62,6.52,63.27,blackgram
21.9,15.1,5.0,25.22,90.62,6.71,121.74,orange
119.5,14.7,29.3,24.4,65.61,7.73,130.46,coffee
22.3,69.9,14.9,35.29,43.86,4.77,133.42,pigeonpeas
31.6,54.2,16.4,22.02,68.74,5.95,37.14,lentil
27.5,131.4,200.5,14.02,81.18,6.46,71.11,grapes
74.9,48.7,42.6,24.12,86.1,7.52,158.69,jute
41.7,71.6,23.1,29.47,72.47,7.22,64.93,blackgram
60.2,71.4,82.0,19.58,20.78,7.46,87.65,chickpea
13.6,12.6,9.5,29.12,96.64,6.27,111.84,orange
11.0,37.3,16.8,31.15,63.69,6.01,64.88,mothbeans
116.1,25.6,54.6,25.53,89.66,6.75,37.56,watermelon
19.8,63.3,17.9,27.62,60.75,7.68,53.47,lentil
82.9,36.7,37.7,24.75,87.1,7.57,179.62,rice
18.8,18.6,34.1,20.76,87.85,7.3,99.87,pomegranate
104.4,33.4,31.6,27.06,69.97,7.37,120.56,coffee
19.0,63.5,20.4,23.86,25.72,5.89,128.49,kidneybeans
23.4,126.8,201.6,23.6,90.08,5.66,121.03,apple
43.8,57.6,53.2,31.95,90.65,6.93,174.97,papaya
33.1,142.5,198.5,22.5,91.11,5.82,109.39,apple
90.1,7.5,47.8,29.27,91.85,6.48,20.48,muskmelon
24.3,144.0,204.0,23.22,91.36,6.16,115.25,apple
34.5,130.0,199.7,23.09,92.43,6.25,116.11,apple
24.0,78.4,81.3,19.58,15.93,6.38,86.32,chickpea
20.8,58.6,17.1,18.79,20.07,5.7,134.86,kidneybeans
24.9,62.9,22.1,27.98,58.07,6.08,89.7,pigeonpeas
21.4,24.8,33.8,18.69,81.82,6.08,101.83,pomegranate
60.8,77.2,79.2,19.78,13.01,7.65,78.59,chickpea
35.4,27.0,26.6,27.15,44.25,4.99,105.8,mango
18.7,56.4,20.6,26.15,62.38,5.53,70.29,mothbeans
37.6,16.0,32.1,26.07,98.11,6.61,145.12,coconut
17.7,59.8,22.2,20.95,60.96,7.19,56.77,lentil
18.1,60.3,19.9,21.1,20.45,5.74,140.32,kidneybeans
28.5,137.5,198.4,23.46,90.69,6.08,101.17,apple
44.4,66.8,84.9,16.91,12.62,7.35,87.87,chickpea
94.4,41.3,43.5,25.11,71.72,6.15,166.21,jute
117.7,85.8,52.4,29.28,79.2,6.37,102.5,banana
39.0,13.9,33.7,20.8,90.28,5.71,106.0,pomegranate
23.8,40.2,16.1,27.94,60.63,6.99,81.67,mothbeans
100.1,83.4,59.1,26.47,81.76,5.63,115.21,banana
25.2,44.9,23.7,29.12,60.42,5.23,63.17,mothbeans
17.0,19.7,30.0,28.14,46.78,6.38,97.44,mango
67.8,49.5,45.7,36.73,94.73,6.83,249.56,papaya
20.5,59.6,20.2,21.04,19.69,6.1,108.13,kidneybeans
35.6,71.1,18.3,24.81,58.81,7.03,39.74,lentil
87.6,8.2,49.0,24.86,87.77,6.92,59.29,watermelon
26.2,56.8,15.4,30.84,80.76,6.22,50.57,mungbean
14.4,59.2,20.1,30.52,87.55,6.74,53.94,mungbean
89.1,58.3,44.9,26.62,77.02,7.11,180.06,jute
24.1,73.9,15.0,31.32,55.76,5.43,141.9,pigeonpeas
115.8,70.6,45.8,28.49,72.21,5.86,108.26,banana
19.6,15.6,37.8,19.27,85.35,5.97,94.54,pomegranate
113.9,70.4,47.1,28.03,80.25,5.91,94.08,banana
63.7,35.9,38.0,22.76,82.98,7.07,176.76,jute
17.2,66.8,20.5,18.37,71.18,6.87,40.05,lentil
116.4,41.4,23.5,25.92,81.6,7.39,75.17,cotton
82.9,54.1,37.7,23.54,84.94,6.18,239.59,rice
21.4,71.2,20.7,33.59,34.21,5.58,96.38,pigeonpeas
28.9,26.8,41.3,21.62,86.35,6.19,102.49,pomegranate
11.5,59.2,13.9,27.99,49.41,3.83,34.15,mothbeans
77.7,49.8,19.6,28.55,72.48,6.52,78.51,maize
27.0,58.0,17.0,34.6,65.2,4.77,147.48,pigeonpeas
62.0,46.3,42.3,25.85,94.61,6.65,259.06,rice
28.2,141.9,196.6,18.89,79.08,6.2,55.92,grapes
28.2,30.3,30.2,28.46,95.41,5.78,152.07,coconut
25.1,58.4,18.6,30.63,38.51,6.16,194.87,pigeonpeas
35.8,24.2,29.8,26.72,100,5.73,194.09,coconut
12.2,5,30.8,25.04,95.21,6.53,145.8,coconut
89.8,60.0,21.5,19.11,70.02,6.3,67.34,maize
29.2,15.7,28.5,28.85,52.64,5.2,90.65,mango
127.9,54.7,18.4,26.15,79.97,5.77,71.48,cotton
56.8,66.3,15.8,27.05,55.78,7.41,72.43,blackgram
85.3,25.0,28.3,24.24,62.64,5.7,134.32,coffee
92.1,27.9,43.9,26.31,86.95,6.37,16.92,muskmelon
118.2,25.5,54.7,24.35,83.26,6.61,62.29,watermelon
25.1,57.5,22.2,25.2,64.08,6.83,39.95,mothbeans
35.1,63.3,25.8,30.07,66.78,7.1,67.04,blackgram
67.9,55.4,17.6,20.09,74.7,6.91,79.09,maize
29.6,60.4,11.5,32.0,39.53,4.48,162.75,pigeonpeas
93.6,57.2,21.5,28.08,67.33,6.05,68.8,maize
35.4,23.9,29.0,28.13,98.73,6.12,187.72,coconut
16.3,72.5,75.3,17.35,13.24,7.21,86.07,chickpea
52.1,71.9,18.6,27.15,67.42,6.55,65.2,blackgram
105.9,36.2,28.2,23.73,53.06,7.78,127.22,coffee
62.3,37.4,42.6,25.08,74.77,6.99,199.44,jute
26.3,17.2,37.1,20.02,85.03,7.26,114.9,pomegranate
32.0,69.6,21.6,32.56,63.26,7.03,72.02,blackgram
111.3,42.2,22.9,23.34,79.58,6.08,83.69,cotton
87.1,42.4,34.8,27.71,68.36,7.03,179.99,jute
34.4,62.0,20.1,34.57,29.68,4.75,141.58,pigeonpeas
31.1,66.9,48.8,24.03,90.22,6.55,170.75,papaya
20.6,55.9,23.7,28.72,85.05,6.14,43.52,mungbean
52.3,68.6,17.9,36.11,61.28,6.92,59.81,blackgram
19.5,59.1,20.9,29.16,42.97,5.06,112.43,pigeonpeas
15.6,140.0,196.8,17.47,82.39,6.22,72.24,grapes
119.8,89.3,47.3,27.95,71.45,5.86,93.97,banana
34.4,135.5,199.8,29.09,84.45,6.28,64.57,grapes
65.8,49.7,49.9,38.1,91.43,6.83,181.8,papaya
95.1,80.1,52.4,26.73,83.92,6.74,109.85,banana
23.5,48.7,18.4,27.24,61.71,3.59,44.28,mothbeans
59.9,44.1,40.4,24.48,84.01,6.4,178.06,jute
16.7,25.4,27.5,28.45,99.71,5.58,182.82,coconut
109.3,26.9,49.3,29.15,93.36,6.97,29.54,muskmelon
19.3,67.6,80.6,21.12,20.31,6.0,86.07,chickpea
33.5,82.4,83.9,18.88,17.96,7.2,75.54,chickpea
12.2,22.6,32.0,36.01,50.48,4.89,102.85,mango
91.3,24.1,50.1,27.87,90.11,6.73,24.8,muskmelon
33.3,125.4,203.1,19.05,82.65,6.74,69.42,grapes
45.7,32.7,13.4,20.87,94.93,8.0,107.94,orange
17.2,63.0,18.4,19.46,58.5,6.3,58.45,lentil
97.6,80.0,51.7,28.23,76.64,5.36,109.81,banana
18.2,52.1,15.6,28.03,64.77,4.19,43.55,mothbeans
81.3,18.1,47.0,30.47,91.07,6.26,20.91,muskmelon
24.5,10.7,8.1,31.96,92.7,7.62,102.16,orange
24.6,60.5,82.0,19.18,19.84,7.87,66.22,chickpea
52.1,58.5,22.5,27.04,58.39,7.33,71.27,blackgram
65.2,43.6,41.2,26.32,73.4,6.35,192.31,jute
16.3,13.4,36.8,24.97,100,5.62,196.41,coconut
83.8,6.7,51.6,30.1,91.07,6.16,26.34,muskmelon
49.9,59.0,20.9,26.94,67.2,7.4,56.76,blackgram
19.1,68.5,20.4,22.37,25.3,5.34,116.3,kidneybeans
62.9,55.1,45.7,23.91,72.51,6.18,202.56,jute
19.2,9.8,27.2,26.74,98.99,5.85,154.19,coconut
106.9,28.4,54.3,29.64,93.22,5.88,17.34,muskmelon
16.8,58.6,13.4,35.4,32.39,6.69,101.55,pigeonpeas
20.5,17.0,27.8,32.68,48.01,4.8,89.12,mango
20.2,126.9,204.5,29.67,80.38,5.88,68.45,grapes
41.1,16.4,8.8,34.83,88.59,7.2,101.6,orange
38.6,58.5,85.3,22.16,19.29,7.33,87.69,chickpea
54.4,61.3,21.2,29.3,67.33,7.58,60.19,blackgram
92.4,55.7,45.4,25.24,88.56,6.56,189.25,jute
33.8,129.1,193.6,15.59,82.62,6.48,78.31,grapes
35.7,84.4,24.6,17.94,18.4,5.72,112.54,kidneybeans
115.5,34.4,29.6,26.27,62.06,6.63,178.83,coffee
36.9,21.1,9.3,28.36,94.63,6.62,115.58,orange
102.4,27.8,48.6,26.46,88.11,6.31,27.52,muskmelon
12.8,51.5,16.8,28.37,82.03,7.36,38.28,mungbean
21.9,127.6,195.3,12.67,82.55,5.48,74.9,grapes
36.7,5,5,19.74,90.52,6.35,104.41,orange
18.1,20.8,28.6,32.2,51.93,6.89,97.18,mango
16.0,121.1,199.0,31.72,82.14,6.34,74.67,grapes
73.4,36.9,39.8,24.23,70.82,7.39,156.96,jute
35.5,70.4,46.0,37.81,94.76,6.91,177.77,papaya
103.4,26.1,34.9,23.86,51.9,6.25,167.7,coffee
38.3,78.6,17.2,28.1,67.38,7.08,51.4,lentil
14.0,48.1,22.6,27.37,82.63,7.04,49.63,mungbean
35.8,68.1,74.7,16.55,21.79,7.42,78.75,chickpea
47.8,69.1,78.6,18.45,14.49,8.51,95.06,chickpea
59.1,66.7,82.1,19.02,20.09,5.92,70.51,chickpea
115.5,92.5,50.1,26.9,80.85,5.96,92.36,banana
63.0,53.3,36.0,25.4,68.13,6.42,160.88,jute
36.1,67.0,79.5,17.04,19.85,7.35,79.52,chickpea
21.5,12.3,44.1,24.04,88.65,5.85,102.53,pomegranate
25.2,38.3,22.8,27.68,46.22,5.53,70.87,mothbeans
80.1,58.6,16.6,22.74,65.39,5.56,89.27,maize
20.1,15.8,34.0,27.07,100,6.12,127.4,coconut
30.3,21.1,9.8,18.04,89.6,7.25,105.57,orange
31.9,138.2,202.1,20.72,93.55,5.55,99.95,apple
36.1,17.0,43.1,21.64,87.97,6.71,111.06,pomegranate
35.7,14.6,44.1,20.81,89.42,5.61,113.96,pomegranate
36.9,28.8,30.4,28.7,100,5.94,172.6,coconut
49.3,73.4,14.4,34.92,64.84,6.76,73.84,blackgram
72.9,55.3,38.8,24.35,91.84,5.5,243.22,rice
39.4,122.2,203.7,21.03,96.33,6.43,110.02,apple
15.2,60.2,16.3,20.41,23.7,6.12,98.97,kidneybeans
27.1,19.6,26.7,25.48,94.7,6.52,149.81,coconut
32.1,121.5,194.9,9.35,84.38,6.45,70.6,grapes
23.4,69.0,81.7,19.06,18.02,6.43,65.88,chickpea
14.1,57.6,17.6,29.48,60.99,6.38,145.51,pigeonpeas
34.7,15.1,33.1,25.87,98.08,6.09,166.05,coconut
75.0,54.7,22.9,17.57,57.73,6.75,78.68,maize
116.7,38.7,26.9,24.14,61.54,6.4,155.44,coffee
16.3,11.5,16.6,27.91,95.45,7.06,112.11,orange
111.7,55.9,25.2,24.54,77.72,6.3,94.16,cotton
93.0,41.1,40.1,23.18,90.72,4.97,208.68,rice
21.6,120.2,202.1,22.76,91.84,6.09,123.36,apple
34.7,52.9,19.1,24.48,47.16,3.91,43.38,mothbeans
79.8,50.4,20.8,21.19,56.18,6.97,94.97,maize
78.0,51.0,37.3,26.08,86.06,6.95,286.45,rice
17.4,54.2,26.4,28.21,68.85,7.65,46.56,lentil
33.4,63.0,19.1,34.9,38.9,5.54,183.05,pigeonpeas
80.1,37.7,44.0,25.17,89.53,5.97,201.32,rice
87.4,47.4,43.1,24.75,84.59,6.14,165.09,jute
74.7,58.2,48.2,25.68,83.77,6.03,271.93,rice
24.5,13.7,37.5,26.6,94.25,5.89,198.44,coconut
39.0,71.5,18.4,22.64,60.68,6.83,43.87,lentil
35.3,17.9,26.2,34.05,44.0,7.31,95.48,mango
45.9,63.0,83.6,19.51,17.12,7.13,68.21,chickpea
86.5,17.7,45.7,28.02,84.14,6.47,37.88,watermelon
82.1,27.2,33.3,24.72,54.24,6.02,170.73,coffee
78.7,56.3,45.7,24.0,75.97,6.25,195.5,jute
85.7,45.7,42.0,28.41,80.13,6.07,257.56,rice
37.4,144.9,203.0,23.77,89.71,6.0,116.68,apple
21.0,69.8,22.4,24.66,21.89,5.59,94.44,kidneybeans
91.1,31.4,25.1,25.17,62.76,6.43,162.85,coffee
80.4,19.7,52.2,26.42,83.92,6.27,45.87,watermelon
17.2,20.5,32.6,27.23,98.08,5.72,140.83,coconut
12.9,55.7,18.5,20.14,19.57,6.24,119.78,kidneybeans
20.9,59.7,18.7,21.95,20.41,5.59,114.23,kidneybeans
38.0,62.1,22.6,25.92,67.93,6.44,52.25,lentil
13.2,43.5,20.7,27.12,87.01,6.92,40.21,mungbean
44.0,62.3,53.5,39.58,93.0,7.26,218.28,papaya
34.6,18.1,41.6,21.21,86.56,6.3,102.61,pomegranate
86.4,59.0,41.2,23.86,89.86,7.75,247.66,rice
22.2,80.7,22.1,18.05,23.81,5.77,102.29,kidneybeans
21.8,72.0,22.3,17.51,60.94,7.07,53.82,lentil
111.5,49.3,15.4,25.01,77.78,6.04,88.99,cotton
23.9,11.5,9.8,20.6,90.63,6.05,117.22,orange
15.8,21.7,8.4,15.7,90.74,7.04,98.91,orange
27.1,123.4,204.3,23.41,93.54,5.74,126.3,apple
60.8,80.3,23.8,34.21,71.19,7.43,66.98,blackgram
101.5,88.5,45.5,25.98,83.21,6.08,115.37,banana
86.9,37.9,45.0,23.66,86.3,6.59,232.09,rice
8.3,121.5,201.2,23.25,92.83,5.8,102.96,apple
80.9,5.7,54.4,27.53,89.08,6.43,49.39,watermelon
21.6,124.8,194.9,22.07,90.23,6.07,112.58,apple
20.9,28.4,24.6,28.26,45.34,5.22,113.33,mango
65.3,70.5,50.9,29.93,95.48,6.77,222.05,papaya
28.2,71.5,16.6,22.65,18.59,6.02,131.62,kidneybeans
33.5,57.3,52.7,27.09,90.69,6.42,158.95,papaya
29.8,42.3,17.9,28.49,81.7,5.94,59.08,mungbean
27.4,18.0,35.4,25.96,96.95,5.45,186.82,coconut
21.6,13.8,13.0,22.46,94.12,6.19,98.45,orange
83.3,7.1,46.6,29.24,92.19,6.55,30.58,muskmelon
15.2,53.8,16.1,25.91,81.77,6.69,44.13,mungbean
60.4,62.3,51.2,38.58,91.26,6.81,216.24,papaya
24.5,10.4,11.2,26.26,95.11,6.92,105.22,orange
91.4,48.7,52.5,23.56,86.16,5.63,217.13,rice
37.2,24.9,29.8,29.74,94.88,6.45,152.65,coconut
95.5,18.0,28.4,26.76,50.52,7.3,192.71,coffee
77.3,49.9,39.9,21.57,86.03,6.41,191.05,jute
12.1,70.2,15.5,28.28,41.57,6.83,176.0,pigeonpeas
40.4,138.7,206.3,24.08,84.33,5.99,72.09,grapes
30.2,16.7,46.0,23.6,95.49,6.17,114.72,pomegranate
81.0,54.3,26.3,22.44,67.93,5.5,55.63,maize
29.3,35.6,22.3,28.87,57.02,6.7,29.45,mothbeans
33.3,56.1,22.4,19.23,19.26,5.3,65.34,kidneybeans
39.3,69.9,47.1,37.0,88.85,6.76,173.25,papaya
99.5,24.8,52.6,24.11,87.92,6.91,66.57,watermelon
24.1,140.0,198.3,30.77,86.09,5.74,76.12,grapes
81.4,55.8,24.3,23.5,57.36,6.16,77.14,maize
22.5,131.9,200.6,26.91,79.01,6.4,71.89,grapes
40.3,57.4,17.6,33.19,66.17,7.18,69.4,blackgram
37.6,66.7,16.3,30.48,62.48,6.71,60.58,blackgram
43.4,46.4,49.2,44.14,93.76,7.31,212.04,papaya
80.3,44.7,16.8,25.26,55.85,6.68,66.65,maize
62.0,52.4,41.1,22.31,86.34,6.93,210.45,rice
66.1,46.3,48.4,26.11,93.29,6.92,162.17,papaya
36.0,131.0,203.7,21.02,94.62,5.45,106.91,apple
29.7,66.5,20.0,34.27,38.74,4.47,136.96,pigeonpeas
95.7,76.6,55.0,26.96,79.19,5.65,115.12,banana
67.0,48.6,18.5,27.62,67.96,6.65,93.42,maize
18.3,145.3,200.8,21.87,81.27,6.41,76.52,grapes
31.3,67.2,14.7,33.13,62.66,6.69,64.61,blackgram
96.1,44.5,37.3,24.63,94.38,5.81,253.91,rice
46.1,80.2,22.0,32.31,62.08,7.32,70.83,blackgram
42.0,18.5,39.4,23.68,89.1,6.75,114.43,pomegranate
15.5,124.1,197.3,13.48,82.53,5.71,78.02,grapes
61.8,58.6,54.7,31.32,94.26,6.65,142.31,papaya
114.3,29.6,47.1,24.95,82.04,7.25,52.04,watermelon
79.3,8.6,48.9,28.53,94.47,6.47,31.64,muskmelon
107.1,91.4,47.8,29.32,79.17,6.35,105.16,banana
44.2,70.9,21.7,29.14,62.8,6.83,71.86,blackgram
34.9,129.2,200.7,23.04,90.6,6.1,108.0,apple
16.6,15.0,24.3,34.21,49.4,6.94,91.02,mango
38.0,144.8,200.3,33.72,86.78,6.53,67.2,grapes
132.7,53.4,13.4,25.83,75.14,6.98,100.79,cotton
33.2,13.3,42.6,22.04,92.03,7.03,109.22,pomegranate
75.3,40.8,35.3,25.79,71.77,6.61,195.79,jute
36.3,72.6,16.3,38.06,35.03,7.14,144.57,pigeonpeas
26.5,141.4,201.8,22.12,94.64,5.49,114.88,apple
20.6,12.3,33.0,29.92,100,6.23,145.96,coconut
34.3,22.7,29.2,26.91,98.86,5.97,181.71,coconut
122.9,51.6,26.2,21.73,78.85,6.05,79.0,cotton
22.8,57.0,22.7,28.63,88.52,6.92,50.11,mungbean
24.6,57.1,22.3,23.77,17.56,5.4,60.38,kidneybeans
93.2,23.1,31.3,25.56,67.37,7.81,162.02,coffee
15.2,123.9,201.3,23.58,92.28,6.45,102.99,apple
34.0,18.8,47.2,19.49,86.75,6.5,112.82,pomegranate
37.1,25.4,10.0,18.88,90.85,7.09,118.28,orange
87.0,54.0,48.3,24.23,83.42,6.15,290.96,rice
37.4,25.6,40.0,18.74,91.27,6.39,95.78,pomegranate
30.2,128.3,197.1,21.06,91.7,6.19,100.9,apple
21.5,70.1,24.1,15.36,22.84,5.78,114.77,kidneybeans
21.2,26.9,24.6,29.47,98.97,6.16,197.25,coconut
43.1,19.4,42.4,21.61,85.96,5.77,94.23,pomegranate
25.4,21.9,42.8,19.53,87.16,7.21,97.15,pomegranate
24.9,64.8,18.7,29.91,45.66,5.75,117.54,pigeonpeas
73.0,51.2,35.5,26.8,81.24,6.66,171.8,jute
32.8,75.0,15.4,24.23,60.42,7.1,55.11,lentil
31.3,56.7,80.6,18.67,16.79,7.33,67.93,chickpea
70.0,44.7,43.6,24.68,88.87,7.04,191.38,jute
21.1,31.4,29.0,32.32,50.42,4.98,105.55,mango
27.3,17.4,29.7,27.96,49.58,4.67,87.82,mango
89.5,10.5,56.7,25.89,84.82,6.43,43.55,watermelon
89.9,52.6,18.8,21.48,67.11,6.58,75.74,maize
40.4,20.3,35.9,24.23,88.67,7.11,113.7,pomegranate
100.9,19.3,45.0,29.35,94.55,6.07,20.14,muskmelon
53.5,52.2,54.0,32.84,89.77,6.76,200.02,papaya
35.6,14.7,31.4,25.83,98.05,6.35,149.87,coconut
26.5,32.5,42.2,18.2,93.4,5.22,99.07,pomegranate
16.2,43.7,22.6,29.37,80.35,6.44,58.81,mungbean
56.3,37.8,42.1,22.49,85.66,5.79,280.85,rice
21.0,70.7,20.8,34.91,51.09,7.0,171.52,pigeonpeas
25.0,64.3,21.5,37.19,50.2,5.25,142.23,pigeonpeas
20.3,63.1,19.0,25.46,68.02,7.47,33.5,lentil
22.2,24.5,10.5,32.45,90.02,7.06,119.68,orange
107.5,14.4,28.1,23.86,51.88,7.02,191.14,coffee
95.7,23.2,49.0,23.65,81.45,5.53,49.75,watermelon
25.8,71.3,17.8,20.7,61.12,6.85,43.36,lentil
25.9,38.1,16.8,32.03,49.39,4.8,61.57,mothbeans
29.6,77.7,22.4,23.96,22.86,5.17,69.32,kidneybeans
85.3,21.7,53.7,29.4,92.95,6.52,32.96,muskmelon
101.2,12.2,29.8,26.38,49.84,6.33,186.27,coffee
75.4,52.2,19.9,22.29,71.96,6.05,69.77,maize
30.0,73.7,79.9,21.91,18.6,8.68,95.18,chickpea
21.5,58.0,18.1,28.82,84.73,7.15,62.24,mungbean
34.9,14.6,35.0,29.94,97.5,5.4,170.29,coconut
116.2,94.1,53.4,26.7,83.84,5.8,118.04,banana
38.4,21.1,30.6,33.88,47.85,5.98,98.23,mango
66.4,53.1,34.8,27.76,85.77,6.23,195.24,jute
14.7,37.5,24.7,28.22,87.74,7.31,64.58,mungbean
66.2,47.8,16.6,26.28,76.46,6.07,99.23,maize
28.6,7.1,28.3,29.53,99.64,6.49,205.73,coconut
27.5,53.3,20.9,27.83,88.46,7.24,53.43,mungbean
65.1,40.7,44.8,26.41,83.19,6.06,228.41,rice
43.7,70.5,82.9,19.64,15.43,7.69,75.1,chickpea
32.9,10.8,30.3,29.33,96.41,5.85,166.52,coconut
3.8,23.6,28.5,26.86,48.86,5.91,97.17,mango
25.0,59.5,83.9,21.48,15.44,6.56,91.42,chickpea
100.7,15.6,53.7,25.78,81.48,6.02,48.28,watermelon
18.6,133.8,205.5,38.81,85.58,5.15,68.96,grapes
20.0,36.0,22.8,27.08,81.74,6.89,34.89,mungbean
12.3,10.6,5,27.27,95.51,6.41,119.25,orange
24.9,10.8,27.0,27.6,94.56,5.61,221.69,coconut
13.6,53.9,22.2,27.4,45.71,8.35,33.54,mothbeans
15.0,19.7,5.2,19.2,91.05,6.75,118.95,orange
38.4,58.6,22.0,22.47,19.93,5.62,142.11,kidneybeans
18.1,39.6,15.0,27.6,46.21,4.29,36.52,mothbeans
87.3,52.5,34.3,23.75,76.33,6.08,169.17,jute
94.0,48.7,37.7,24.94,91.37,5.8,282.43,rice
18.2,74.3,23.9,32.78,45.31,6.25,122.08,pigeonpeas
22.7,13.6,28.3,25.79,100,6.14,202.28,coconut
20.3,24.3,29.3,27.66,97.25,6.02,171.54,coconut
56.2,76.9,81.1,17.89,14.83,6.93,61.09,chickpea
30.6,75.3,18.3,24.04,27.1,5.98,120.22,kidneybeans
73.1,54.7,37.6,27.88,79.38,7.48,158.29,jute
18.4,30.6,30.9,30.48,53.66,6.43,101.02,mango
68.4,48.5,52.8,26.19,93.11,6.89,204.09,papaya
118.9,41.4,21.7,21.05,78.41,6.49,108.31,cotton
37.7,60.2,52.3,43.49,87.43,7.11,245.18,papaya
15.5,59.4,28.1,28.9,81.85,6.81,42.59,mungbean
108.7,9.8,53.9,28.68,87.65,7.05,24.03,muskmelon
86.8,49.3,16.4,27.31,57.0,6.23,75.44,maize
16.4,144.1,197.8,21.87,88.47,6.1,119.0,apple
13.0,20.0,30.2,31.13,50.07,5.7,97.54,mango
80.3,29.9,51.3,29.36,89.88,6.2,19.59,muskmelon
112.0,80.6,57.0,27.84,82.94,5.86,116.81,banana
56.8,60.3,52.4,22.78,95.58,6.62,150.03,papaya
110.4,17.2,37.2,26.05,57.66,7.28,143.05,coffee
26.3,131.7,196.5,37.05,77.99,5.46,73.44,grapes
81.4,53.9,42.6,27.63,90.61,6.54,242.72,rice
20.7,58.0,15.4,30.97,63.25,6.63,196.37,pigeonpeas
40.0,57.3,21.8,30.13,55.06,6.94,149.45,pigeonpeas
47.6,56.5,51.6,33.36,88.5,6.62,156.79,papaya
33.7,120.0,201.8,21.87,97.78,5.72,102.65,apple
37.4,63.4,25.2,26.68,63.58,6.67,58.6,blackgram
29.6,66.3,17.1,29.84,31.21,5.25,179.25,pigeonpeas
109.5,20.0,45.5,27.64,94.93,6.08,18.97,muskmelon
29.5,72.6,26.4,28.41,31.42,6.33,185.78,pigeonpeas
14.0,139.6,200.2,33.02,86.19,5.43,61.99,grapes
118.0,28.6,43.3,30.68,92.75,6.8,22.06,muskmelon
42.3,71.3,23.2,26.9,63.79,7.13,79.02,blackgram
104.9,61.7,19.0,22.36,76.36,8.33,86.89,cotton
115.9,95.1,50.4,25.15,80.28,6.15,91.13,banana
89.6,46.2,18.9,20.66,72.66,7.03,82.06,maize
33.5,78.3,22.0,20.9,20.79,5.97,56.88,kidneybeans
69.8,55.1,14.1,25.33,67.96,6.81,95.78,maize
79.6,51.8,23.9,20.72,57.31,5.71,104.89,maize
26.3,24.5,35.1,23.29,87.64,6.3,106.94,pomegranate
24.7,35.6,21.2,27.01,92.92,6.94,50.33,mungbean
99.8,56.3,43.6,22.13,88.21,7.08,294.35,rice
91.1,38.9,32.9,24.62,52.33,5.87,147.13,coffee
17.7,58.0,23.8,23.16,72.09,6.71,41.86,lentil
74.6,52.7,47.3,19.14,92.78,5.46,249.54,rice
121.1,23.8,31.9,22.83,58.56,6.5,119.61,coffee
27.8,14.7,22.9,27.67,47.41,6.21,86.46,mango
21.1,65.8,18.4,26.2,63.7,7.7,43.47,lentil
110.0,51.3,15.8,24.25,85.24,8.05,69.28,cotton
115.9,43.0,21.5,24.53,77.15,6.0,87.54,cotton
131.7,57.9,15.2,26.44,81.75,7.83,83.69,cotton
25.7,73.0,80.9,20.4,19.71,8.12,75.37,chickpea
11.8,58.1,21.6,28.22,83.96,6.73,51.85,mungbean
35.0,24.7,44.9,22.24,91.25,7.07,110.85,pomegranate
57.9,64.5,82.9,18.13,20.42,6.76,98.93,chickpea
77.7,46.6,18.8,26.25,56.97,5.9,81.44,maize
100.2,44.7,44.4,27.13,73.23,7.78,151.15,jute
33.3,124.4,201.3,22.2,84.31,6.6,68.03,grapes
27.5,73.6,23.5,27.15,63.94,7.49,58.01,lentil
19.3,70.1,15.7,30.02,51.2,5.6,135.36,pigeonpeas
115.6,9.3,44.2,26.14,84.48,5.95,52.71,watermelon
25.5,19.1,6.0,33.03,87.65,7.8,101.2,orange
13.6,19.3,14.3,24.36,89.02,6.37,110.28,orange
130.3,51.4,19.4,24.87,79.97,6.45,57.67,cotton
29.2,70.8,22.2,28.01,68.04,6.47,36.67,lentil
13.3,64.6,17.6,19.5,20.67,5.78,144.16,kidneybeans
26.6,46.7,21.7,28.54,86.06,6.42,40.46,mungbean
27.0,40.5,22.0,27.92,87.63,7.04,48.12,mungbean
55.3,65.6,47.3,26.11,96.2,6.92,203.21,papaya
32.4,9.9,39.8,22.81,85.57,6.2,100.33,pomegranate
31.4,50.9,23.1,28.87,46.71,5.61,37.85,mothbeans
32.7,24.1,14.3,16.38,89.31,8.07,99.52,orange
29.0,64.6,23.4,23.36,68.64,7.45,44.2,lentil
72.9,41.9,39.2,22.28,91.69,5.81,192.61,rice
24.2,144.4,197.6,24.74,93.4,5.66,106.5,apple
31.8,48.3,19.8,28.1,87.17,6.29,51.42,mungbean
133.5,58.9,18.2,23.08,80.75,7.66,85.71,cotton
88.4,26.2,48.9,27.32,97.03,6.62,32.7,muskmelon
75.0,45.4,21.6,29.43,72.83,5.75,106.51,maize
12.7,11.4,16.6,28.58,92.06,6.93,117.56,orange
22.0,60.4,23.5,37.82,47.73,4.9,182.23,pigeonpeas
30.0,70.4,18.5,35.96,63.33,4.67,184.64,pigeonpeas
10.1,56.5,23.9,18.68,25.8,5.67,113.62,kidneybeans
37.4,125.4,194.1,22.67,92.42,5.77,121.02,apple
29.8,76.9,19.1,20.69,63.91,6.3,43.01,lentil
93.9,19.4,47.8,28.44,96.21,5.86,27.98,muskmelon
26.2,77.8,15.9,24.98,68.51,6.35,53.74,lentil
27.4,56.2,20.7,28.99,65.69,5.85,49.7,lentil
15.2,25.9,11.8,25.13,94.41,7.3,121.78,orange
32.7,66.7,17.5,20.46,20.9,5.75,132.68,kidneybeans
102.8,59.7,23.7,25.2,64.47,5.67,68.73,maize
110.2,24.1,25.3,23.44,58.83,6.8,132.34,coffee
15.5,38.7,18.3,28.74,54.58,6.27,47.94,mothbeans
65.4,44.1,52.5,29.0,97.4,6.96,251.3,papaya
22.6,77.7,78.8,19.26,14.16,7.61,70.31,chickpea
31.0,71.1,56.0,31.65,88.99,6.55,234.05,papaya
34.3,58.5,46.7,42.47,94.27,6.99,244.9,papaya
13.5,56.5,19.8,25.22,63.42,5.9,64.62,mothbeans
29.8,22.4,34.2,30.04,97.37,5.67,188.95,coconut
97.2,47.7,41.4,25.93,80.3,7.38,164.3,jute
75.7,48.4,44.3,23.78,93.24,7.19,198.14,jute
10.2,59.4,17.4,31.64,32.77,4.44,103.89,pigeonpeas
20.4,27.7,38.3,21.23,87.81,6.27,107.37,pomegranate
11.7,45.1,22.1,30.71,66.45,4.64,65.2,mothbeans
43.8,60.6,83.5,22.15,21.05,8.04,73.59,chickpea
14.4,25.0,41.1,23.57,90.8,5.86,105.63,pomegranate
133.7,43.8,22.8,23.17,79.44,6.4,74.35,cotton
81.8,18.7,33.0,23.04,58.02,6.64,128.42,coffee
15.6,34.4,23.3,24.71,64.08,7.02,53.94,mothbeans
39.1,133.7,195.8,23.49,93.35,5.65,108.35,apple
24.8,16.4,32.6,25.81,100,5.76,185.98,coconut
39.3,44.7,45.7,36.55,90.35,6.87,178.41,papaya
25.7,69.1,20.4,18.08,65.85,7.54,37.81,lentil
42.0,59.7,78.4,20.04,14.82,7.31,85.19,chickpea
57.2,68.7,79.8,18.6,12.95,7.41,82.21,chickpea
87.9,63.3,39.3,25.96,80.31,6.21,166.16,jute
31.0,140.8,202.0,27.07,76.96,5.59,62.49,grapes
61.4,61.6,45.2,43.65,92.74,7.03,218.9,papaya
73.7,52.6,39.2,27.56,94.41,5.89,185.74,jute
33.4,66.9,28.4,22.29,65.86,7.8,39.31,lentil
65.1,50.1,44.7,23.34,85.03,6.58,230.03,rice
73.0,35.9,44.3,26.37,70.41,7.25,152.46,jute
25.2,55.2,78.0,20.93,20.78,7.62,92.35,chickpea
48.9,59.6,18.0,32.3,62.41,7.12,77.01,blackgram
26.2,18.7,44.3,24.77,95.45,6.11,98.84,pomegranate
25.2,22.5,37.0,22.22,90.01,5.64,105.83,pomegranate
128.6,58.7,22.7,27.14,81.86,7.49,72.94,cotton
73.3,36.2,42.9,20.01,87.89,6.77,260.82,rice
19.5,53.7,20.9,29.06,90.11,6.38,58.92,mungbean
78.1,39.1,42.7,22.95,88.44,5.56,275.73,rice
15.3,55.1,17.8,20.41,18.74,6.08,107.84,kidneybeans
97.4,88.6,46.0,26.64,79.0,6.39,117.62,banana
17.1,143.2,199.2,23.32,95.91,5.72,109.18,apple
34.2,70.5,16.1,34.33,34.7,4.96,96.86,pigeonpeas
122.5,34.2,17.8,21.44,81.79,6.99,88.77,cotton
84.3,47.4,39.8,24.07,69.67,6.29,181.62,jute
72.7,42.4,17.3,23.96,62.32,6.65,95.45,maize
17.9,74.7,23.8,23.1,62.03,6.88,45.34,lentil
35.7,139.8,198.7,19.93,87.95,5.8,70.79,grapes
84.2,53.4,40.8,24.66,80.7,6.64,188.95,jute
47.4,59.4,22.3,30.95,61.53,6.98,58.98,blackgram
38.0,72.6,21.0,17.47,16.37,5.98,102.23,kidneybeans
45.0,60.4,47.7,32.79,91.78,6.6,224.76,papaya
83.5,35.8,34.9,26.93,80.17,7.22,211.88,rice
39.0,15.5,43.9,19.29,88.32,5.89,98.69,pomegranate
46.4,60.8,79.8,19.72,18.56,7.17,99.93,chickpea
20.2,44.2,15.5,29.86,83.67,6.11,54.73,mungbean
66.1,42.6,48.2,26.73,85.52,7.17,176.8,jute
32.9,131.1,197.5,28.3,79.18,5.48,69.18,grapes
35.6,142.4,205.4,21.91,85.93,5.44,77.01,grapes
55.9,59.5,17.1,34.02,64.42,7.5,60.81,blackgram
37.0,48.5,51.9,28.2,96.56,6.44,213.21,papaya
103.3,40.8,25.1,21.91,78.84,7.51,78.78,cotton
14.8,37.4,25.2,28.27,86.11,7.11,41.15,mungbean
118.5,10.7,52.4,25.48,80.38,6.5,52.55,watermelon
25.5,26.4,40.5,19.98,93.16,5.93,117.56,pomegranate
60.2,69.7,20.2,33.78,70.38,6.82,71.83,blackgram
31.4,49.3,17.4,30.39,50.44,7.0,35.88,mothbeans
102.0,85.7,53.9,29.51,80.39,6.53,112.63,banana
98.0,45.3,24.4,22.06,66.19,6.45,75.62,maize
19.5,137.7,194.1,34.62,83.12,5.57,66.32,grapes
31.5,75.4,78.9,20.14,14.56,7.96,88.9,chickpea
26.6,124.5,201.6,21.83,90.47,5.96,95.19,apple
117.1,52.0,19.7,22.35,78.19,6.28,74.57,cotton
94.4,48.1,44.7,23.17,91.28,6.9,275.43,rice
87.8,42.5,34.4,19.76,86.7,5.17,187.81,rice
62.8,41.1,45.6,26.09,82.96,7.06,184.93,jute
90.7,40.4,39.9,24.6,82.08,7.08,196.11,jute
91.6,43.9,19.9,19.75,62.25,5.65,75.66,maize
21.2,124.2,198.3,41.23,83.76,5.71,79.74,grapes
94.2,85.9,51.9,29.81,80.57,5.91,118.18,banana
83.9,34.8,44.6,21.62,83.72,6.86,270.19,rice
36.7,68.2,16.7,20.62,60.08,6.46,45.41,lentil
72.2,49.6,40.1,22.25,86.67,5.21,250.3,rice
71.9,47.7,13.8,27.8,51.6,5.67,97.56,maize
28.6,32.2,30.8,35.12,46.97,5.13,86.93,mango
31.0,58.8,21.3,27.28,40.06,7.54,109.07,pigeonpeas
33.6,65.2,22.0,36.84,63.54,5.11,177.53,pigeonpeas
30.3,69.2,84.9,19.07,16.52,6.36,67.33,chickpea
93.2,23.5,27.7,24.27,51.11,6.17,110.15,coffee
77.4,53.5,36.1,22.9,87.9,5.48,232.96,rice
95.7,13.1,49.3,29.06,95.8,6.61,14.5,muskmelon
89.0,10.3,52.9,29.0,90.02,6.3,28.64,muskmelon
31.6,139.0,204.5,32.3,82.11,5.69,67.99,grapes
81.0,7.5,48.1,23.72,90.31,6.12,48.52,watermelon
100.4,74.7,49.2,28.23,77.68,6.78,95.74,banana
71.1,54.5,36.0,23.67,82.38,7.58,196.96,jute
37.1,6.0,31.3,23.97,97.28,6.28,154.98,coconut
82.0,19.9,38.0,23.3,53.92,5.79,183.97,coffee
18.5,123.4,196.9,21.79,97.34,6.29,96.59,apple
37.2,56.7,20.1,26.01,71.92,7.89,40.86,lentil
24.7,22.1,44.4,19.84,91.9,6.35,123.18,pomegranate
100.1,70.0,50.4,26.31,79.52,5.7,111.69,banana
26.2,15.3,33.2,30.05,51.4,6.48,96.65,mango
90.9,20.2,43.5,27.96,91.83,6.86,17.36,muskmelon
31.3,120.3,193.7,21.09,92.07,5.69,109.06,apple
58.2,47.6,48.8,39.43,91.2,6.44,173.15,papaya
21.9,55.3,16.3,15.96,24.23,5.76,122.93,kidneybeans
99.2,35.1,28.2,26.82,54.27,7.17,181.53,coffee
136.7,36.5,25.1,23.79,84.45,6.55,88.75,cotton
135.0,35.4,17.7,24.94,79.83,7.68,89.12,cotton
39.4,13.7,30.2,24.66,98.42,5.98,207.5,coconut
85.7,25.2,27.2,26.0,61.32,6.46,119.73,coffee
19.9,48.6,27.6,29.44,88.38,6.53,25.6,mungbean
35.0,32.4,34.2,34.93,51.03,6.13,104.92,mango
22.5,42.5,27.1,27.22,84.34,6.19,51.22,mungbean
26.1,74.9,26.0,31.95,63.16,6.06,125.95,pigeonpeas
30.2,74.6,15.4,36.74,55.54,4.98,131.73,pigeonpeas
53.8,56.4,86.5,19.69,22.54,7.76,94.8,chickpea
16.3,130.4,197.2,13.25,81.71,6.07,61.05,grapes
53.4,64.3,17.4,30.76,65.5,6.93,61.52,blackgram
88.9,23.0,24.3,26.86,60.32,7.08,194.32,coffee
20.9,48.8,17.6,26.77,89.97,6.96,47.64,mungbean
87.6,38.9,39.7,24.33,81.97,5.95,235.92,rice
115.0,22.9,43.7,26.95,84.76,6.6,50.87,watermelon
101.0,6.4,44.9,26.14,87.59,6.75,51.12,watermelon
31.5,57.3,16.6,25.52,60.87,6.39,60.69,blackgram
108.0,75.4,48.0,30.13,77.98,6.25,98.26,banana
26.2,20.1,29.3,28.49,48.82,5.48,98.28,mango
59.1,63.8,49.6,42.15,89.02,6.52,187.94,papaya
13.9,23.2,30.7,32.72,48.61,6.21,100.8,mango
28.6,138.0,203.8,8.31,79.4,5.81,72.6,grapes
68.3,42.3,18.7,17.63,68.15,6.48,85.78,maize
36.5,54.7,14.9,26.86,79.08,6.49,56.46,mungbean
23.0,53.9,19.2,25.44,57.41,9.21,59.36,mothbeans
84.5,49.0,22.1,20.23,58.04,6.47,107.01,maize
42.7,71.1,47.8,39.34,89.5,6.81,253.49,papaya
36.4,59.8,16.0,29.62,67.61,6.64,59.48,blackgram
59.4,57.9,75.8,18.75,20.32,6.67,74.64,chickpea
112.6,11.7,40.5,29.65,93.57,5.89,22.83,muskmelon
28.3,12.6,31.7,18.35,85.11,6.62,106.7,pomegranate
35.4,46.6,24.0,30.11,45.2,5.8,65.3,mothbeans
29.5,14.4,43.9,20.26,93.23,6.59,115.34,pomegranate
33.5,71.8,24.8,28.42,61.97,7.36,38.45,lentil
111.4,86.4,45.5,27.47,85.04,5.79,96.38,banana
117.5,21.8,53.3,28.82,95.04,6.09,32.07,muskmelon
87.0,55.4,19.1,22.71,55.54,7.02,88.52,maize
14.7,69.2,17.3,16.36,20.25,5.98,105.55,kidneybeans
12.6,49.8,17.3,26.73,61.76,4.44,47.67,mothbeans
89.1,44.8,25.3,26.3,66.91,6.24,63.18,maize
74.8,47.7,36.5,26.49,94.9,6.0,278.05,rice
16.8,77.8,17.2,21.01,21.58,5.28,137.72,kidneybeans
20.8,56.8,22.4,27.88,50.46,9.05,51.36,mothbeans
23.3,46.3,23.3,26.11,43.95,7.37,71.21,mothbeans
33.1,59.0,20.5,18.72,25.63,5.72,131.29,kidneybeans
47.4,62.6,23.2,31.0,61.0,6.93,60.64,blackgram
44.6,49.4,54.6,32.09,94.3,6.19,145.62,papaya
33.4,40.0,15.6,28.22,53.15,5.04,45.04,mothbeans
104.5,24.4,30.4,27.3,67.4,6.53,117.82,coffee
27.3,76.8,20.3,20.09,69.55,7.06,38.94,lentil
39.0,51.2,16.7,25.55,63.64,6.41,69.61,blackgram
68.7,46.4,42.9,25.84,87.48,5.24,301.87,rice
12.2,14.7,42.7,23.68,85.65,5.59,108.88,pomegranate
24.6,67.2,17.3,17.11,18.75,5.77,86.88,kidneybeans
23.9,72.8,18.5,26.56,62.43,5.47,131.18,pigeonpeas
25.0,71.6,19.7,26.16,58.74,7.44,46.21,lentil
108.1,36.6,15.5,23.75,83.14,7.22,74.08,cotton
27.1,54.4,19.2,24.74,59.59,7.1,42.61,mothbeans
85.6,27.3,30.8,24.74,59.42,6.02,108.6,coffee
17.4,59.0,23.5,29.02,54.89,5.71,31.72,mothbeans
120.2,22.3,51.0,26.46,87.46,6.52,55.37,watermelon
26.8,58.0,21.6,32.45,44.41,8.47,26.41,mothbeans
22.6,63.4,15.1,21.68,69.14,7.82,29.39,lentil
28.4,18.4,9.8,21.43,92.61,6.21,104.74,orange
23.6,26.4,38.6,23.53,85.13,5.65,107.24,pomegranate
38.7,132.5,202.0,22.42,91.37,5.46,118.51,apple
116.2,62.4,22.8,25.39,75.13,7.48,75.45,cotton
24.6,72.8,15.9,18.5,67.49,7.57,38.7,lentil
47.2,69.4,80.4,21.34,15.03,7.16,63.47,chickpea
24.7,133.3,195.0,22.34,91.35,5.85,98.93,apple
79.8,37.6,20.3,25.57,64.26,6.48,81.35,maize
22.6,57.6,18.5,30.52,85.91,7.5,45.51,mungbean
42.3,67.0,15.8,25.18,65.83,6.9,52.19,blackgram
113.1,60.4,20.8,24.53,83.89,7.65,84.56,cotton
21.9,11.2,30.3,29.58,95.04,5.65,139.59,coconut
87.1,32.4,22.8,23.71,58.29,6.31,130.38,coffee
20.0,14.5,27.3,30.92,53.57,4.52,100.3,mango
42.5,66.1,27.4,27.31,65.82,6.8,60.28,blackgram
113.3,78.3,59.8,27.47,74.15,5.92,99.12,banana
24.7,22.5,43.6,22.81,93.49,5.9,111.21,pomegranate
22.4,9.2,35.3,27.72,100,6.49,223.11,coconut
14.1,22.7,7.6,18.06,95.87,7.43,109.65,orange
104.1,5.5,49.3,23.58,86.4,6.64,63.18,watermelon
84.1,26.9,52.5,27.93,85.08,5.83,64.07,watermelon
38.5,55.1,17.0,22.83,59.36,6.45,53.75,lentil
86.4,13.8,46.1,27.16,84.91,6.5,56.16,watermelon
22.2,26.9,34.4,20.9,88.63,6.88,100.71,pomegranate
85.9,38.1,40.4,23.62,89.72,7.09,145.15,jute
23.1,21.9,11.0,23.74,90.4,7.59,117.63,orange
13.0,59.2,17.1,28.04,85.75,6.87,63.55,mungbean
90.3,7.3,53.3,26.99,95.02,6.2,26.33,muskmelon
44.8,64.6,21.8,26.86,65.99,7.13,62.8,blackgram
81.9,15.2,27.8,23.28,59.79,6.97,172.6,coffee
17.1,36.5,14.4,30.01,86.2,6.71,47.52,mungbean
112.5,40.9,19.2,24.98,85.12,7.02,64.38,cotton
14.7,12.8,8.2,21.41,94.48,6.97,97.09,orange
82.3,43.1,37.4,25.02,81.85,6.32,179.54,jute
85.1,56.9,21.9,26.74,65.56,6.46,94.89,maize
13.3,33.4,15.1,25.19,49.69,5.48,40.05,mothbeans
94.9,93.1,51.6,27.48,76.81,5.66,101.06,banana
93.0,90.2,56.5,25.87,75.79,6.33,121.14,banana
40.7,52.6,51.0,41.7,93.25,6.64,158.97,papaya
104.1,79.9,51.8,29.93,80.49,6.22,118.2,banana
32.4,24.6,7.0,27.64,95.39,6.59,109.04,orange
74.5,49.9,37.0,26.74,74.6,6.73,164.53,jute
98.7,92.4,47.1,28.67,79.73,6.44,114.5,banana
38.4,55.2,20.8,24.47,63.07,7.93,46.3,lentil
119.2,77.4,55.5,29.93,81.84,5.65,114.64,banana
19.9,68.1,16.4,27.27,41.2,4.93,192.48,pigeonpeas
93.5,48.2,24.4,22.87,75.1,5.43,65.12,maize
84.9,24.2,51.9,28.76,91.34,6.32,10.5,muskmelon
116.5,5,47.0,24.8,85.93,6.04,44.34,watermelon
46.8,79.6,22.0,31.45,60.44,7.54,73.88,blackgram
83.0,17.1,30.1,25.94,64.52,7.14,156.85,coffee
14.4,42.9,22.1,26.9,46.05,3.92,66.08,mothbeans
48.9,146.6,203.5,21.65,92.55,6.25,123.69,apple
26.4,28.9,24.9,32.67,47.65,6.73,112.97,mango
87.0,12.9,53.4,28.35,94.65,6.44,19.57,muskmelon
31.2,21.9,33.5,23.78,90.41,5.75,96.81,pomegranate
114.2,23.0,28.4,27.31,58.59,6.23,111.37,coffee
39.5,58.5,21.5,33.81,33.23,5.45,115.01,pigeonpeas
37.9,14.7,44.8,22.24,83.62,7.12,107.49,pomegranate
32.0,72.0,20.0,27.99,55.53,5.6,141.6,pigeonpeas
89.9,56.4,20.8,25.85,60.41,6.63,94.6,maize
29.5,50.2,51.2,34.52,94.21,6.67,222.46,papaya
40.5,61.0,82.1,21.29,15.16,6.39,95.67,chickpea
117.1,79.3,47.5,28.54,76.81,6.19,109.46,banana
33.5,21.8,31.4,29.27,95.25,6.33,147.79,coconut
105.1,35.2,17.0,22.69,76.73,6.1,98.32,cotton
16.1,45.8,23.5,28.61,56.48,3.72,74.17,mothbeans
28.9,57.9,81.3,20.43,18.95,8.12,64.57,chickpea
99.3,21.3,57.0,24.51,84.98,6.39,44.5,watermelon
20.3,126.0,203.2,14.65,82.4,5.74,70.61,grapes
98.9,24.3,53.6,24.6,81.59,6.91,55.75,watermelon
31.1,131.8,196.1,22.51,94.75,5.64,116.77,apple
104.6,19.6,25.3,24.25,59.62,7.51,159.27,coffee
16.8,19.1,31.7,26.24,96.2,6.11,214.95,coconut
28.1,70.1,78.7,20.16,11.77,6.67,75.24,chickpea
32.7,10.9,8.8,14.42,91.28,7.02,100.59,orange
20.3,18.1,5,20.32,89.68,6.6,102.05,orange
102.9,16.9,33.3,25.79,59.27,6.8,167.37,coffee
45.6,66.8,81.3,18.78,15.53,6.1,71.18,chickpea
23.2,77.8,21.1,16.76,25.72,5.75,86.76,kidneybeans
29.2,24.0,24.0,31.72,50.67,5.38,83.8,mango
108.9,12.2,52.5,25.49,86.49,6.42,44.94,watermelon
39.1,73.2,73.4,22.56,21.29,7.54,74.86,chickpea
78.3,47.2,26.0,28.0,64.87,6.83,117.92,maize
114.2,92.9,48.5,27.36,78.18,5.38,92.97,banana
49.0,61.0,56.1,30.53,92.53,6.91,237.28,papaya
109.2,15.0,49.2,24.43,77.84,6.8,42.73,watermelon
27.4,69.2,21.9,25.62,60.98,6.53,37.77,lentil
59.2,55.2,24.3,25.0,64.78,6.91,62.36,blackgram
55.3,71.7,21.7,26.0,65.22,6.65,71.86,blackgram
33.9,124.5,196.0,13.57,85.19,5.61,72.11,grapes
47.6,53.6,46.1,27.53,95.23,6.98,215.17,papaya
80.5,39.0,42.2,24.17,77.94,6.11,161.98,jute
44.2,73.8,15.7,24.52,66.82,6.6,69.32,blackgram
81.5,53.9,40.5,22.55,86.01,6.11,187.55,jute
23.1,21.8,26.9,33.75,52.27,5.69,95.46,mango
29.5,33.9,32.6,27.9,43.99,5.65,95.33,mango
96.0,59.2,41.5,22.91,93.15,5.2,292.77,rice
103.9,40.6,25.3,25.61,82.75,5.98,62.71,cotton
130.0,45.8,16.4,22.74,78.44,6.28,75.66,cotton
19.9,9.9,5.4,31.98,90.37,7.32,101.5,orange
19.1,14.9,6.1,15.33,92.09,7.9,104.59,orange
48.8,73.2,17.7,32.95,70.23,7.33,69.82,blackgram
36.4,127.5,198.9,15.79,79.84,5.65,75.5,grapes
14.7,74.8,16.3,23.62,17.15,5.49,128.73,kidneybeans
89.9,35.1,45.5,23.38,91.73,5.93,255.84,rice
29.3,43.2,23.1,28.54,56.43,4.73,40.97,mothbeans
67.3,38.8,38.1,23.63,75.97,6.03,163.74,jute
38.0,71.6,20.3,29.82,30.25,6.45,150.81,pigeonpeas
50.9,74.5,75.7,17.26,16.36,7.26,67.88,chickpea
82.2,18.8,55.0,24.62,89.15,6.84,41.35,watermelon
31.7,37.5,14.8,28.89,80.78,7.24,53.5,mungbean
19.1,74.2,25.9,22.82,61.0,6.01,54.95,lentil
25.3,59.3,12.7,22.46,66.09,7.54,53.78,lentil
31.5,20.3,9.6,15.49,94.26,6.84,100.25,orange
21.8,37.7,14.3,27.52,83.29,7.28,49.38,mungbean
20.1,40.0,26.6,29.96,84.47,6.53,35.27,mungbean
15.2,16.1,10.7,21.06,86.88,7.0,108.3,orange
72.5,45.3,23.4,19.71,66.44,6.62,86.25,maize
14.5,35.9,20.0,23.69,52.55,7.34,49.4,mothbeans
16.5,40.6,13.6,27.14,85.87,6.26,45.37,mungbean
82.4,9.4,47.0,29.48,95.45,6.7,20.55,muskmelon
36.3,136.3,202.6,38.69,88.21,6.43,70.35,grapes
17.5,19.7,29.1,31.56,43.08,5.5,86.98,mango
25.6,18.9,11.7,32.8,86.9,6.9,109.87,orange
29.1,15.8,26.3,25.08,95.87,5.74,135.11,coconut
70.1,66.8,53.6,38.65,92.05,6.88,209.18,papaya
11.0,20.6,6.9,16.09,90.46,6.61,113.02,orange
48.4,67.2,16.9,27.92,61.11,6.7,66.38,blackgram
18.7,48.1,16.0,29.07,60.2,7.16,50.39,mothbeans
27.9,33.2,23.5,28.13,86.83,6.1,47.63,mungbean
25.2,13.4,28.2,28.52,98.74,5.51,199.17,coconut
90.3,20.7,44.6,26.82,81.39,6.77,52.52,watermelon
29.7,31.5,41.4,19.48,92.93,5.44,112.08,pomegranate
104.6,72.0,52.6,26.87,77.2,5.72,108.83,banana
53.7,78.6,16.8,27.67,62.88,6.73,63.76,blackgram
12.8,44.5,24.9,28.47,87.22,6.43,55.8,mungbean
76.3,36.7,44.9,25.4,81.3,6.96,169.19,jute
22.5,30.9,25.7,33.79,46.56,5.55,95.9,mango
42.1,124.4,197.0,27.52,84.5,5.67,74.21,grapes
21.5,50.3,22.3,30.7,61.98,5.09,62.39,mothbeans
15.3,51.2,12.8,29.13,83.19,7.25,43.15,mungbean
39.9,52.1,51.1,31.57,89.21,6.5,154.3,papaya
33.2,13.7,13.0,32.98,90.13,7.47,110.99,orange
15.7,21.7,34.7,20.47,86.65,5.44,99.84,pomegranate
20.9,21.6,39.0,24.58,86.73,6.19,106.81,pomegranate
22.7,34.7,28.5,28.56,46.78,5.74,101.15,mango
85.1,20.8,35.9,26.86,63.64,6.58,123.22,coffee
101.2,12.1,51.9,24.8,79.61,6.93,55.05,watermelon
33.7,17.4,26.8,29.07,100,6.01,144.67,coconut
103.5,88.4,54.8,27.08,79.0,5.76,99.51,banana
27.7,47.9,19.6,27.93,81.13,7.17,29.21,mungbean
100.2,10.9,53.5,24.36,81.62,6.29,41.26,watermelon
29.3,9.3,5,24.08,92.43,7.52,100.3,orange
8.9,129.1,202.3,24.79,77.12,5.26,62.76,grapes
20.6,19.2,37.4,17.67,90.67,7.05,107.12,pomegranate
27.8,72.7,22.2,29.08,59.07,6.59,194.87,pigeonpeas
34.8,65.6,23.0,29.13,63.84,6.17,37.46,lentil
29.2,70.0,19.6,25.95,63.45,7.32,35.9,lentil
135.6,60.3,19.4,24.35,77.84,6.52,90.53,cotton
30.8,133.0,201.9,27.46,78.94,5.99,70.21,grapes
91.3,78.2,52.5,29.03,76.76,4.97,107.4,banana
13.9,125.8,200.9,22.74,93.18,6.36,117.46,apple
33.9,53.4,26.6,19.91,25.41,5.81,123.3,kidneybeans
31.6,132.7,196.9,23.88,89.55,6.24,113.88,apple
112.5,23.4,46.7,29.46,90.15,6.36,26.84,muskmelon
24.0,128.6,200.7,21.46,91.5,5.52,108.23,apple
12.6,63.3,16.4,15.69,22.53,5.93,102.58,kidneybeans
12.1,22.6,27.3,30.89,48.68,6.37,82.08,mango
103.2,15.2,43.2,24.39,90.66,6.64,30.16,watermelon
34.2,10.5,38.8,21.29,93.69,6.13,116.69,pomegranate
16.9,45.4,24.5,24.27,46.66,4.9,34.37,mothbeans
115.1,39.7,28.3,24.97,85.03,6.6,70.16,cotton
57.1,57.8,54.3,28.23,91.83,6.43,220.8,papaya
20.2,42.5,22.3,25.21,47.7,5.52,76.91,mothbeans
29.7,38.3,14.2,30.57,81.79,6.56,52.94,mungbean
16.7,67.2,23.5,21.09,66.95,7.59,49.69,lentil
27.2,27.9,7.9,21.96,92.04,6.91,97.32,orange
122.8,13.7,52.6,28.25,93.29,5.95,21.56,muskmelon
14.4,81.9,18.1,15.76,17.89,5.46,125.64,kidneybeans
15.2,51.2,13.6,24.42,60.54,6.2,41.72,mothbeans
14.7,25.0,39.9,22.83,94.38,6.23,108.7,pomegranate
33.2,53.8,16.5,26.7,61.07,9.12,46.51,mothbeans
86.6,36.5,29.8,28.54,53.59,6.74,179.41,coffee
37.3,74.7,11.7,22.89,66.06,6.78,54.9,lentil
134.7,42.4,24.7,23.41,82.47,6.26,68.99,cotton
20.2,142.0,194.3,23.67,89.89,5.51,132.76,apple
8.7,55.3,17.4,15.55,25.94,5.96,79.29,kidneybeans
34.1,59.2,16.5,26.98,84.62,7.0,58.34,mungbean
8.8,69.6,13.6,18.34,21.57,5.39,147.69,kidneybeans
88.1,44.9,17.1,26.04,63.53,5.35,106.22,maize
113.4,37.2,25.2,24.38,80.79,7.36,53.22,cotton
101.2,79.7,50.2,24.34,78.09,5.99,112.42,banana
13.5,55.5,22.6,28.96,81.44,6.55,64.52,mungbean
26.7,62.0,14.4,33.07,48.21,6.39,136.91,pigeonpeas
24.4,31.3,34.0,33.81,47.03,5.99,88.44,mango
59.2,39.4,38.2,24.5,80.49,7.01,286.99,rice
29.6,145.0,198.1,21.36,95.5,5.79,106.44,apple
56.5,65.6,82.7,20.79,15.85,6.08,86.46,chickpea
29.1,28.1,8.8,27.79,94.26,6.32,103.58,orange
73.5,58.4,39.6,23.38,83.55,6.31,187.9,jute
34.4,30.2,28.9,25.86,94.99,6.35,190.66,coconut
18.5,53.0,24.8,26.19,44.86,4.43,46.81,mothbeans
36.5,16.9,23.7,28.66,91.86,5.66,189.78,coconut
25.4,141.6,204.2,24.67,96.44,6.35,112.05,apple
25.8,45.0,16.0,26.33,44.81,3.75,36.41,mothbeans
29.6,74.7,14.7,22.99,63.34,6.46,45.7,lentil
17.6,76.3,21.3,22.01,66.48,6.73,53.05,lentil
38.3,11.8,43.4,17.82,87.32,5.96,115.92,pomegranate
14.8,146.6,193.8,23.94,90.28,6.21,115.28,apple
20.0,63.9,22.4,19.85,59.44,6.52,41.9,lentil
14.1,143.5,197.8,22.87,89.52,5.74,123.34,apple
8.9,134.8,198.9,24.24,93.41,6.04,117.35,apple
30.1,75.2,81.0,20.54,15.32,5.99,76.54,chickpea
98.8,84.5,51.1,28.32,85.2,6.2,118.02,banana
33.6,27.7,39.5,23.16,94.06,6.42,100.03,pomegranate
18.4,53.7,17.8,26.04,42.8,5.47,70.95,mothbeans
15.1,47.4,24.4,28.44,80.93,6.55,29.5,mungbean
116.7,91.9,48.6,30.1,83.72,5.88,93.08,banana
70.6,37.5,38.4,27.01,77.37,7.05,167.7,jute
41.1,136.2,206.8,37.52,84.5,6.57,67.6,grapes
111.7,78.4,45.2,28.2,84.04,6.34,90.49,banana
32.9,24.0,34.6,32.06,44.46,5.51,89.54,mango
70.6,39.6,34.8,23.49,80.41,6.78,180.39,jute
95.5,33.1,35.3,22.94,61.97,6.7,122.14,coffee
24.6,66.6,17.7,23.75,19.05,6.01,115.16,kidneybeans
111.5,86.7,49.5,26.54,77.7,6.09,96.6,banana
46.3,14.9,36.6,24.88,83.17,5.8,108.45,pomegranate
83.0,24.4,56.5,25.4,86.96,6.7,43.88,watermelon
136.6,41.5,19.1,24.54,82.89,7.22,68.59,cotton
84.1,30.4,28.6,22.38,51.98,6.18,154.93,coffee
16.0,60.1,15.7,38.62,48.19,5.18,107.03,pigeonpeas
18.6,8.0,27.3,27.68,97.4,6.58,191.8,coconut
91.1,24.0,50.9,24.93,79.89,6.34,52.57,watermelon
113.3,27.5,52.2,25.05,79.89,7.31,53.29,watermelon
66.6,50.1,48.2,26.84,79.06,5.83,217.47,rice
22.3,67.6,23.7,18.43,26.08,6.04,127.78,kidneybeans
69.6,51.0,34.7,26.13,89.03,6.52,253.28,rice
6.7,130.6,196.2,40.66,79.47,6.09,51.71,grapes
113.3,85.6,47.8,25.22,81.85,6.41,120.59,banana
38.2,70.4,21.6,35.92,50.93,5.56,178.53,pigeonpeas
30.1,74.7,24.0,22.33,67.42,6.21,52.56,lentil
17.7,29.5,27.5,35.21,43.0,4.22,92.86,mango
29.4,60.9,21.2,33.53,41.84,5.96,197.04,pigeonpeas
109.2,22.6,51.2,29.39,95.34,6.74,20.9,muskmelon
35.8,61.4,18.5,30.03,50.09,4.82,181.21,pigeonpeas
26.0,130.7,196.7,23.15,92.67,5.81,129.74,apple
100.5,27.6,55.3,23.57,83.73,5.8,52.58,watermelon
96.6,9.0,54.4,29.2,94.11,6.65,31.9,muskmelon
16.8,55.6,22.5,23.51,26.43,5.81,121.36,kidneybeans
117.5,7.1,46.8,27.67,94.16,6.63,22.71,muskmelon
15.0,142.5,199.9,14.52,79.71,6.17,70.91,grapes
67.4,47.3,46.6,22.49,96.55,6.7,291.41,rice
93.3,36.8,33.0,25.91,89.95,5.29,214.15,rice
33.6,41.2,23.9,27.8,57.6,7.58,47.2,mothbeans
25.9,64.7,21.2,23.71,66.48,6.52,31.19,lentil
31.8,71.1,14.3,21.92,20.48,5.98,109.96,kidneybeans
93.5,50.0,40.4,21.95,91.13,6.96,233.48,rice
33.1,73.0,20.5,20.06,17.26,5.95,90.8,kidneybeans
22.6,62.8,18.4,32.1,33.39,5.36,91.62,pigeonpeas
53.2,48.7,53.5,41.75,89.48,6.85,228.87,papaya
98.6,34.9,23.3,23.44,57.47,7.03,164.39,coffee
61.8,65.2,83.3,16.39,14.91,7.37,75.96,chickpea
91.5,49.0,24.3,22.0,68.75,6.72,102.77,maize
100.1,51.2,19.9,17.87,65.52,5.72,63.81,maize
17.9,124.9,205.3,37.59,82.46,5.91,53.95,grapes
100.0,22.7,28.6,26.8,54.51,7.79,147.24,coffee
11.8,15.2,25.8,33.1,45.98,6.22,107.33,mango
33.4,135.9,203.1,21.56,92.19,6.06,112.24,apple
98.7,39.8,22.6,24.31,80.77,7.72,81.0,cotton
40.6,69.8,18.9,26.57,68.84,7.3,66.34,blackgram
52.4,77.5,22.9,26.4,62.17,7.35,71.64,blackgram
99.7,51.3,33.1,24.1,92.22,6.8,193.12,rice
76.9,46.3,20.8,21.03,64.96,5.43,83.74,maize
90.6,52.3,36.3,23.18,92.65,4.97,287.29,rice
77.8,51.5,40.3,22.8,71.94,6.67,195.97,jute
92.0,18.9,44.9,25.18,79.52,6.43,50.14,watermelon
35.9,70.2,17.6,35.2,62.35,6.63,53.86,blackgram
37.5,19.4,33.0,34.47,49.53,5.58,79.79,mango
93.4,70.4,47.9,26.53,80.27,5.62,114.97,banana
96.5,86.7,51.2,27.65,87.23,5.86,106.24,banana
34.9,19.8,30.2,26.52,96.11,6.11,145.78,coconut
85.2,30.0,35.5,26.34,61.34,6.51,157.26,coffee
111.1,28.2,28.8,25.68,66.4,7.3,127.28,coffee
79.1,39.7,47.8,21.84,90.26,5.38,274.94,rice
38.7,56.9,20.9,28.97,68.3,6.27,38.05,lentil
80.2,12.5,55.1,24.91,81.93,6.21,60.27,watermelon
108.5,15.2,46.9,27.83,85.32,6.81,44.98,watermelon
69.6,55.8,19.4,20.11,75.07,5.95,103.16,maize
59.3,60.9,49.2,43.04,92.68,6.85,160.53,papaya
15.0,60.8,24.6,29.1,42.23,6.36,169.6,pigeonpeas
66.2,58.4,37.5,22.26,73.02,7.01,151.73,jute
27.3,146.4,205.1,31.59,81.76,6.08,57.67,grapes
18.8,117.8,193.7,24.1,88.59,6.12,130.95,apple
63.9,43.0,47.9,26.66,83.86,6.85,280.96,rice
114.1,30.2,25.3,22.8,57.96,7.12,150.23,coffee
48.6,72.3,20.4,30.79,66.44,6.86,75.69,blackgram
124.3,56.8,21.6,25.89,77.79,7.15,92.3,cotton
19.8,67.9,19.1,21.59,69.56,6.4,54.53,lentil
26.7,67.5,19.3,31.78,44.28,7.51,175.11,pigeonpeas
33.9,58.5,24.8,27.1,30.56,6.64,102.46,pigeonpeas
9.4,19.9,28.8,33.93,51.39,6.8,102.47,mango
40.9,30.1,40.8,22.94,89.19,7.26,112.05,pomegranate
34.5,27.8,27.8,35.64,49.34,6.34,91.65,mango
104.7,27.6,30.7,22.24,68.13,6.67,149.08,coffee
23.6,134.7,200.6,32.67,82.43,5.91,74.2,grapes
91.3,54.9,22.1,26.17,62.97,5.98,55.84,maize
99.7,33.5,36.5,25.82,56.16,6.95,163.42,coffee
22.4,138.9,202.5,23.15,92.8,6.45,126.59,apple
17.3,50.7,22.9,29.11,93.33,6.61,42.32,mungbean
17.3,33.0,33.5,31.3,56.29,4.88,85.15,mango
40.5,11.3,36.5,19.48,93.04,6.32,110.24,pomegranate
80.3,16.9,44.7,25.52,82.44,6.74,53.72,watermelon
83.1,42.7,39.0,26.48,86.04,7.32,198.23,jute
35.4,17.7,31.7,26.42,100,6.06,215.73,coconut
38.4,72.4,20.5,32.83,60.72,6.92,66.35,blackgram
87.6,43.8,21.6,17.33,75.06,5.86,73.89,maize
28.2,19.6,37.1,20.3,89.39,5.81,106.47,pomegranate
100.7,64.1,15.0,20.6,64.33,7.05,65.57,maize
22.4,59.0,21.9,26.71,61.18,7.0,92.9,pigeonpeas
13.5,45.7,21.7,26.71,83.81,7.01,54.34,mungbean
81.6,42.7,19.3,18.11,72.96,6.12,94.52,maize
80.9,28.5,48.0,28.07,91.24,5.61,16.14,muskmelon
37.0,127.7,202.8,21.14,91.08,5.75,111.21,apple
36.7,75.8,21.8,22.02,59.75,6.49,48.87,lentil
114.5,89.2,48.8,26.53,75.82,5.84,92.33,banana
69.9,60.5,35.3,24.66,83.06,7.23,194.65,jute
96.9,46.4,20.0,27.48,76.36,6.83,95.74,maize
28.6,16.6,34.3,30.5,51.34,5.62,104.05,mango
18.9,126.6,200.1,23.68,94.81,6.0,117.08,apple
17.1,24.6,6.8,17.94,91.79,7.48,110.14,orange
38.8,48.7,16.3,31.2,93.26,6.39,44.56,mungbean
91.1,48.7,52.3,21.92,92.33,5.69,266.77,rice
27.3,125.2,199.9,23.2,94.2,5.22,107.04,apple
36.5,60.6,18.2,30.24,67.21,6.35,62.94,blackgram
8.3,131.6,199.2,31.51,87.83,6.69,69.22,grapes
82.8,47.0,41.0,24.55,77.7,6.99,159.64,jute
14.2,28.6,12.9,27.98,94.52,7.57,118.96,orange
30.6,38.0,23.3,33.45,46.02,4.66,88.79,mango
92.6,51.8,23.5,26.35,62.47,5.76,66.9,maize
113.2,71.1,48.0,29.74,82.91,5.52,112.46,banana
109.3,39.7,17.4,22.49,79.49,6.54,67.18,cotton
18.2,81.1,23.5,19.08,70.9,7.89,46.12,lentil
25.9,132.4,197.6,22.72,88.61,6.34,122.35,apple
32.2,51.6,53.9,41.46,97.8,6.77,211.03,papaya
80.7,14.8,55.1,28.86,94.03,6.72,29.17,muskmelon
25.3,20.2,39.4,25.13,94.6,6.46,107.68,pomegranate
111.8,15.7,44.8,24.02,82.6,7.04,52.01,watermelon
126.0,40.4,21.0,22.27,82.32,7.52,71.83,cotton
22.3,20.0,9.2,17.4,89.12,6.54,126.01,orange
45.0,72.2,19.3,32.93,67.21,6.51,67.21,blackgram
30.8,62.3,20.0,30.34,49.36,7.19,169.62,pigeonpeas
32.1,73.1,13.1,38.81,35.99,5.3,113.8,pigeonpeas
95.1,30.2,50.0,26.46,81.15,6.78,55.36,watermelon
130.2,42.6,25.7,23.9,83.1,6.86,103.16,cotton
13.4,33.6,27.9,28.9,53.91,5.66,97.5,mango
40.7,62.0,13.3,27.35,66.97,7.23,52.85,lentil
35.3,69.7,81.0,18.93,19.84,7.48,65.17,chickpea
121.6,39.2,25.7,26.87,77.59,7.44,67.25,cotton
28.8,60.0,14.6,17.86,24.9,5.86,81.07,kidneybeans
21.8,24.1,7.6,17.94,89.41,7.01,116.35,orange
20.4,67.0,22.9,25.43,70.61,6.79,47.29,lentil
85.8,35.6,29.8,25.28,57.67,6.81,194.3,coffee
43.7,77.3,20.0,32.31,70.11,7.18,80.08,blackgram
60.0,55.1,49.2,25.06,97.41,6.74,170.98,papaya
18.2,18.3,27.5,27.27,98.79,5.86,183.85,coconut
135.0,34.9,22.0,22.27,79.86,7.79,78.14,cotton
104.9,45.7,19.2,25.35,83.21,6.07,88.53,cotton
21.2,121.3,194.2,31.75,84.81,5.6,70.33,grapes
28.8,72.2,15.3,27.53,71.58,6.72,63.96,blackgram
53.7,64.5,20.1,28.53,67.23,7.51,59.93,blackgram
24.5,33.5,23.9,29.99,58.4,5.48,51.4,mothbeans
44.2,6.1,7.7,31.76,92.24,8.07,110.69,orange
33.3,63.4,18.1,27.0,45.03,6.88,168.0,pigeonpeas
17.7,20.7,27.0,34.78,48.03,6.71,98.86,mango
24.0,51.2,17.9,29.93,85.95,6.39,30.61,mungbean
55.7,66.7,20.9,26.86,68.19,6.55,65.52,blackgram
121.4,41.9,25.5,23.76,77.13,7.0,88.24,cotton
83.0,46.1,41.2,25.26,79.33,6.03,180.33,jute
26.8,49.6,19.0,27.42,85.77,6.17,51.88,mungbean
68.6,56.8,26.1,24.62,69.35,5.7,68.29,maize
75.2,44.6,18.5,23.43,60.02,6.96,110.38,maize
37.2,23.8,8.3,33.41,90.6,6.71,115.5,orange
98.2,25.9,52.8,23.61,83.85,6.29,46.45,watermelon
124.1,57.3,20.2,25.62,79.24,7.29,59.43,cotton
21.5,14.3,32.0,26.21,94.74,6.24,196.76,coconut
96.7,81.4,49.1,29.68,78.44,6.08,108.86,banana
26.6,57.5,83.4,19.81,21.53,7.55,65.51,chickpea
86.1,19.3,27.2,22.63,63.15,6.42,164.37,coffee
16.6,68.5,19.5,31.08,46.01,6.76,167.65,pigeonpeas
26.3,144.2,201.3,41.9,82.21,6.26,60.35,grapes
92.5,5.1,51.1,28.97,96.44,6.12,29.74,muskmelon
60.2,77.0,80.9,21.26,20.63,7.7,74.54,chickpea
109.6,45.3,18.1,26.07,85.58,6.9,90.55,cotton
39.0,74.0,17.8,32.05,63.37,7.28,71.83,blackgram
26.3,23.9,13.8,21.08,89.4,6.69,116.64,orange
24.2,55.7,21.1,31.64,63.57,8.96,52.24,mothbeans
102.3,37.5,20.7,25.51,86.21,8.1,79.93,cotton
85.8,52.6,19.9,23.14,62.77,5.58,102.79,maize
17.6,6.6,13.7,32.24,95.44,7.69,107.56,orange
21.7,64.4,19.2,35.4,56.63,6.08,183.18,pigeonpeas
37.1,54.7,26.7,33.32,65.43,6.7,60.17,blackgram
32.6,59.0,14.9,18.49,65.61,7.57,48.3,lentil
27.2,22.3,39.4,20.06,85.76,6.87,109.91,pomegranate
102.9,13.1,48.1,23.98,84.47,6.06,58.84,watermelon
18.8,79.7,18.5,16.52,20.33,5.71,153.13,kidneybeans
104.2,90.7,45.3,26.83,81.38,6.53,99.46,banana
32.7,60.9,23.9,14.81,17.1,5.52,68.51,kidneybeans
28.5,125.0,201.4,21.47,97.83,6.29,114.39,apple
30.9,9.2,32.0,26.6,99.46,6.42,208.03,coconut
28.9,56.6,14.6,15.98,22.51,5.9,66.83,kidneybeans
9.7,22.8,9.2,23.57,97.31,7.08,106.43,orange
85.7,54.2,43.6,26.17,83.9,6.47,178.46,jute
20.8,49.1,12.4,27.06,76.37,6.87,44.23,mungbean
105.7,24.6,24.1,25.19,65.51,7.53,127.02,coffee
80.9,55.3,38.7,25.59,94.5,5.52,189.19,rice
15.3,24.2,9.5,28.8,89.07,7.88,106.03,orange
24.6,145.2,203.0,23.44,93.55,5.95,103.85,apple
13.5,128.7,201.0,21.57,83.28,6.11,71.88,grapes
20.1,63.3,20.6,29.91,64.49,8.33,67.23,mothbeans
27.1,8.8,43.5,23.28,89.88,6.06,106.88,pomegranate
17.6,76.1,18.9,30.2,66.67,5.59,38.26,lentil
33.2,24.3,38.4,18.05,86.37,6.73,109.93,pomegranate
37.3,130.5,197.6,22.11,92.6,5.98,108.67,apple
18.3,55.8,17.0,17.29,20.61,5.82,113.31,kidneybeans
138.2,51.1,16.4,24.69,80.02,6.4,67.14,cotton
97.8,31.9,29.0,27.94,67.49,6.46,126.17,coffee
39.4,16.3,27.6,29.35,94.6,6.42,157.96,coconut
48.3,66.2,16.3,27.98,68.63,6.43,56.32,blackgram
17.5,65.8,21.4,28.46,60.36,7.17,136.08,pigeonpeas
12.4,133.0,203.7,40.35,82.28,6.16,72.33,grapes
31.2,63.8,25.1,33.53,64.12,6.3,83.95,blackgram
6.9,52.6,23.4,29.52,84.5,6.93,51.18,mungbean
5.5,77.6,17.9,14.73,23.4,6.09,108.45,kidneybeans
47.8,62.3,85.5,22.14,19.92,6.85,92.2,chickpea
93.6,96.6,54.0,29.38,80.66,5.7,106.79,banana
62.8,55.3,53.5,26.6,93.07,6.35,147.72,papaya
91.0,38.3,23.9,24.39,66.31,6.41,195.1,coffee
32.4,49.3,53.2,28.11,94.58,6.74,172.67,papaya
89.1,9.2,52.4,25.82,85.2,7.16,52.49,watermelon
28.1,76.9,15.5,23.92,64.5,6.19,45.7,lentil
7.2,54.0,23.5,23.97,48.5,9.08,34.19,mothbeans
48.2,51.1,47.7,25.32,97.81,7.08,243.61,papaya
32.1,66.8,53.9,28.64,93.41,6.99,147.69,papaya
30.2,70.8,15.8,28.63,35.58,6.45,95.47,pigeonpeas
105.6,86.0,54.5,27.16,82.77,5.68,127.48,banana
26.5,32.0,37.1,25.52,96.39,6.32,179.15,coconut
58.6,71.8,45.0,30.97,93.54,7.01,160.86,papaya
12.3,137.4,203.9,41.84,78.47,5.6,72.87,grapes
21.3,17.2,31.5,34.54,51.81,5.69,101.63,mango
117.0,17.4,49.6,26.13,94.74,6.78,30.46,muskmelon
86.1,24.0,49.1,26.19,80.96,6.01,58.28,watermelon
19.5,22.4,27.6,34.3,51.06,4.58,87.17,mango
51.1,64.4,80.5,20.71,16.7,8.45,92.07,chickpea
86.5,36.1,39.2,23.77,72.09,6.73,183.46,jute
96.0,57.0,35.2,22.9,83.7,6.53,237.7,rice
68.5,46.9,25.2,23.82,68.14,6.82,89.14,maize
113.8,46.0,19.2,23.36,84.19,7.15,64.14,cotton
136.6,58.6,21.9,23.56,74.34,7.78,66.33,cotton
102.6,79.6,53.6,24.73,78.22,6.4,91.11,banana
28.9,28.9,22.7,31.59,46.48,4.97,92.53,mango
15.1,36.9,17.8,29.01,80.93,6.9,48.29,mungbean
19.7,14.1,30.3,26.66,100,5.68,172.99,coconut
36.9,58.0,19.9,20.61,67.14,7.27,55.83,lentil
29.0,41.2,21.9,30.85,42.77,3.62,64.35,mothbeans
17.4,75.0,23.9,32.12,53.51,4.96,163.35,pigeonpeas
32.4,29.4,28.6,30.03,50.87,6.73,98.24,mango
19.3,126.4,199.8,22.53,97.1,6.08,124.44,apple
57.8,52.7,17.1,35.18,61.42,6.43,58.65,blackgram
19.1,124.2,200.5,21.63,94.86,6.49,93.92,apple
14.5,17.0,25.7,29.17,53.35,5.24,97.23,mango
95.0,55.0,38.5,24.57,69.83,7.4,189.37,jute
93.2,50.4,41.1,24.52,77.83,6.18,201.78,jute
36.4,28.7,31.3,25.62,98.56,5.94,184.54,coconut
96.8,22.6,28.7,27.77,67.98,6.4,141.81,coffee
26.1,145.0,201.2,19.63,86.51,5.65,72.38,grapes
120.8,24.0,55.1,25.51,84.59,6.71,50.28,watermelon
65.5,63.0,53.0,30.86,93.63,6.99,182.55,papaya
27.9,26.0,27.2,25.69,95.62,6.25,177.15,coconut
30.2,40.5,19.3,28.18,85.54,6.32,46.33,mungbean
24.0,34.2,20.7,28.52,65.72,5.52,65.58,mothbeans
94.9,35.2,37.4,23.6,86.77,7.3,158.29,jute
51.6,75.2,83.1,18.62,17.85,6.17,91.89,chickpea
12.0,57.9,19.7,23.04,19.51,5.58,60.6,kidneybeans
93.7,56.0,46.2,27.29,86.11,6.12,164.34,jute
74.0,41.3,43.7,24.26,70.35,7.18,140.67,jute
87.5,15.5,53.7,27.29,86.29,6.57,70.76,watermelon
14.1,120.4,199.3,21.8,91.28,5.16,125.3,apple
24.6,77.5,21.3,19.85,57.3,6.43,43.62,lentil
83.9,30.2,42.7,29.75,94.27,6.75,22.38,muskmelon
109.0,34.4,28.3,25.57,52.81,7.32,175.86,coffee
90.4,27.7,53.8,28.71,92.92,6.89,18.67,muskmelon
34.9,8.7,7.0,25.06,84.62,7.38,102.24,orange
29.9,19.5,30.4,24.4,98.64,5.8,191.69,coconut
69.5,52.6,24.1,23.61,72.17,6.33,94.82,maize
91.4,23.5,49.3,25.53,87.15,7.1,55.87,watermelon
89.0,38.5,31.2,25.2,66.82,7.29,160.76,coffee
113.3,36.9,29.0,24.67,68.59,7.44,152.38,coffee
33.6,24.3,25.1,33.82,50.16,4.65,86.14,mango
30.2,26.2,10.4,19.87,87.85,6.18,91.4,orange
23.4,38.6,26.6,28.01,48.75,5.15,94.51,mango
106.4,70.5,49.7,26.27,76.43,5.5,104.62,banana
33.5,40.6,17.1,25.3,59.49,7.44,57.89,mothbeans
61.0,54.6,39.7,24.69,83.95,5.97,182.22,jute
98.4,53.6,15.8,28.12,53.91,6.0,68.08,maize
101.3,13.8,51.3,25.55,87.57,6.4,52.06,watermelon
15.8,72.6,17.7,27.72,60.9,5.51,148.71,pigeonpeas
12.6,31.9,26.9,29.05,52.39,6.67,103.82,mango
99.2,58.8,42.7,27.2,89.1,6.42,196.23,jute
26.0,133.2,198.3,23.05,82.89,5.58,71.73,grapes
94.9,53.9,44.9,27.65,81.17,6.78,220.99,rice
86.7,30.6,27.3,23.09,52.09,6.23,175.71,coffee
29.0,75.2,26.6,32.56,65.29,5.58,174.73,pigeonpeas
38.6,122.3,197.8,21.49,92.5,5.44,113.04,apple
30.1,28.5,28.8,26.92,98.65,6.19,231.53,coconut
87.8,51.2,40.6,23.84,72.74,6.37,185.96,jute
112.6,68.6,45.9,25.74,86.44,6.02,112.19,banana
40.3,126.6,200.6,35.93,79.01,5.73,76.9,grapes
98.1,27.3,50.8,24.21,81.7,6.5,52.96,watermelon
43.6,65.5,47.5,33.17,92.7,6.87,229.83,papaya
21.1,35.8,20.0,29.06,58.78,9.22,60.42,mothbeans
118.4,25.7,36.6,25.2,51.22,6.56,128.42,coffee
43.1,73.3,82.1,21.82,18.52,8.21,63.52,chickpea
31.6,12.4,36.1,18.59,85.65,6.25,104.72,pomegranate
76.1,45.8,17.1,25.77,55.88,6.58,109.31,maize
99.4,10.8,51.5,26.45,89.57,6.91,51.89,watermelon
88.0,12.8,46.8,26.03,88.02,6.85,43.03,watermelon
41.4,63.4,22.5,21.66,16.88,5.7,62.34,kidneybeans
47.5,46.6,44.6,39.01,91.89,6.51,143.38,papaya
102.1,44.4,23.2,23.69,80.93,7.79,64.77,cotton
103.2,26.4,52.8,28.89,91.02,6.38,27.82,muskmelon
81.9,10.1,49.2,26.41,92.44,6.26,12.54,muskmelon
42.6,70.3,17.0,26.62,68.31,7.17,69.98,blackgram
92.4,25.3,50.8,27.69,95.55,6.2,27.05,muskmelon
79.2,49.9,38.7,25.49,87.31,6.33,161.99,jute
20.1,71.1,20.4,34.91,63.95,6.39,151.2,pigeonpeas
114.6,10.5,52.5,30.13,88.49,6.52,30.46,muskmelon
14.1,54.4,20.6,31.66,41.4,3.85,40.48,mothbeans
9.9,21.4,30.6,30.56,44.25,6.16,97.41,mango
61.0,62.6,47.9,34.37,92.82,6.63,251.28,papaya
28.4,41.5,22.6,28.78,54.6,6.87,50.04,mothbeans
109.1,35.0,21.4,24.74,55.46,5.9,157.45,coffee
34.8,56.3,18.1,34.66,67.64,6.92,68.02,blackgram
17.7,46.2,17.0,24.21,43.61,4.21,57.6,mothbeans
119.6,51.4,24.4,24.21,83.98,6.46,88.03,cotton
27.6,39.3,13.2,30.05,85.98,6.37,52.13,mungbean
19.8,63.1,18.9,19.9,21.51,5.68,81.86,kidneybeans
9.0,120.6,197.5,22.91,91.08,5.66,114.83,apple
32.8,73.9,22.3,29.23,53.65,5.33,151.73,pigeonpeas
102.5,33.8,23.6,24.35,65.06,6.4,139.05,coffee
22.7,18.7,42.6,21.52,87.26,5.93,112.21,pomegranate
83.5,24.4,48.8,24.87,87.13,6.02,51.12,watermelon
84.2,7.2,42.3,27.81,84.69,6.51,62.53,watermelon
20.3,20.0,33.3,35.06,48.28,4.67,109.36,mango
16.7,43.2,23.8,28.58,83.28,6.55,45.48,mungbean
90.0,21.2,33.8,24.55,52.8,6.42,184.23,coffee
22.7,77.4,22.8,28.94,65.18,7.1,41.89,lentil
28.5,13.2,33.0,24.78,99.64,6.11,195.48,coconut
129.4,49.5,15.7,24.6,82.85,8.1,83.4,cotton
12.0,11.5,28.7,26.09,97.25,5.5,205.45,coconut
91.9,10.3,46.5,26.95,92.14,6.91,19.41,muskmelon
86.3,32.1,31.7,24.09,63.51,6.19,159.8,coffee
17.9,59.6,23.3,25.25,66.18,7.21,59.86,lentil
22.5,22.3,30.5,28.3,97.74,5.92,210.74,coconut
28.7,34.5,21.7,32.6,49.71,5.31,89.58,mango
83.0,25.3,33.1,25.81,68.05,7.42,162.95,coffee
34.0,141.9,206.3,17.33,80.84,6.35,67.46,grapes
109.1,13.0,53.5,29.96,96.5,6.48,24.8,muskmelon
15.3,61.9,72.9,21.19,16.13,8.12,77.7,chickpea
23.1,14.6,43.0,17.77,94.87,6.5,106.89,pomegranate
86.6,45.5,18.8,28.87,60.99,5.89,91.94,maize
19.0,37.5,20.7,26.85,49.45,6.08,71.58,mothbeans
90.0,34.2,22.3,26.17,57.76,6.9,178.42,coffee
12.4,122.0,203.9,30.82,80.68,5.58,74.07,grapes
50.6,63.3,74.5,21.07,16.82,7.19,94.25,chickpea
21.2,43.7,15.7,24.36,54.29,8.98,48.06,mothbeans
101.0,21.8,29.6,27.26,55.45,6.81,193.87,coffee
11.3,136.2,200.8,22.81,90.93,6.29,123.57,apple
79.4,40.4,18.8,21.44,60.2,6.29,106.42,maize
25.0,41.7,15.1,31.45,66.93,9.45,49.07,mothbeans
84.7,32.9,33.8,28.05,72.21,6.46,149.3,coffee
20.0,63.6,18.8,22.17,19.14,5.97,101.3,kidneybeans
30.1,63.7,22.6,22.82,65.45,6.69,44.51,lentil
8.6,41.5,18.2,30.11,55.19,4.25,41.62,mothbeans
30.4,27.6,31.2,33.9,50.57,5.15,101.82,mango
67.3,37.0,39.6,21.19,88.66,7.28,196.21,rice
88.8,39.8,47.8,22.59,89.54,5.84,274.37,rice
91.1,16.5,49.8,25.83,91.66,5.94,45.14,watermelon
6.6,59.2,15.6,16.49,21.44,5.63,101.58,kidneybeans
33.4,60.2,22.0,30.98,69.95,7.25,46.67,lentil
117.1,5.5,54.4,28.05,94.58,6.26,18.24,muskmelon
